id,product,unitCost,tax
0,consola,148433,28202.27
1,reloj inteligente,45044,8558.36
2,laptop,75635,14370.65
3,celular,91416,17369.04
4,reloj inteligente,54155,10289.45
5,tableta,50938,9678.22
6,laptop,140187,26635.53
7,computadora,106207,20179.33
8,tableta,65350,12416.5
9,televisión,83687,15900.53
10,audífonos,90363,17168.97
11,televisión,111831,21247.89
12,reloj inteligente,136348,25906.12
13,tableta,92490,17573.1
14,reloj inteligente,134695,25592.05
15,televisión,129859,24673.21
16,reloj inteligente,108514,20617.66
17,altavoz,114699,21792.81
18,bocinas,132012,25082.28
19,laptop,110482,20991.58
20,altavoz,95403,18126.57
21,televisión,72265,13730.35
22,altavoz,133774,25417.06
23,consola,92469,17569.11
24,celular,46514,8837.66
25,celular,77196,14667.24
26,computadora,93381,17742.39
27,celular,49200,9348.0
28,celular,120905,22971.95
29,celular,122845,23340.55
30,consola,72060,13691.4
31,televisión,112402,21356.38
32,consola,135045,25658.55
33,televisión,73800,14022.0
34,reloj inteligente,100156,19029.64
35,altavoz,107640,20451.6
36,bocinas,117687,22360.53
37,audífonos,79370,15080.3
38,reloj inteligente,87961,16712.59
39,reloj inteligente,94766,18005.54
40,bocinas,105752,20092.88
41,computadora,87354,16597.26
42,tableta,144022,27364.18
43,televisión,48572,9228.68
44,celular,73652,13993.880000000001
45,audífonos,137261,26079.59
46,computadora,143943,27349.170000000002
47,reloj inteligente,55586,10561.34
48,bocinas,69144,13137.36
49,bocinas,64589,12271.91
50,reloj inteligente,92791,17630.29
51,laptop,142686,27110.34
52,audífonos,144407,27437.33
53,tableta,117664,22356.16
54,consola,89312,16969.28
55,laptop,95250,18097.5
56,computadora,116397,22115.43
57,televisión,109078,20724.82
58,audífonos,77849,14791.31
59,laptop,64120,12182.8
60,reloj inteligente,91250,17337.5
61,reloj inteligente,46351,8806.69
62,tableta,76231,14483.89
63,celular,77299,14686.81
64,audífonos,90322,17161.18
65,consola,70477,13390.630000000001
66,bocinas,81781,15538.39
67,consola,99498,18904.62
68,bocinas,126507,24036.33
69,audífonos,133942,25448.98
70,audífonos,53371,10140.49
71,altavoz,85105,16169.95
72,laptop,128403,24396.57
73,tableta,88106,16740.14
74,televisión,118081,22435.39
75,reloj inteligente,52265,9930.35
76,tableta,85033,16156.27
77,reloj inteligente,53976,10255.44
78,celular,147265,27980.35
79,tableta,59087,11226.53
80,altavoz,93284,17723.96
81,reloj inteligente,108324,20581.56
82,bocinas,120737,22940.03
83,televisión,121507,23086.33
84,bocinas,120254,22848.260000000002
85,audífonos,88088,16736.72
86,consola,61970,11774.3
87,tableta,79143,15037.17
88,reloj inteligente,95542,18152.98
89,reloj inteligente,114635,21780.65
90,consola,136712,25975.28
91,altavoz,46350,8806.5
92,audífonos,67991,12918.29
93,audífonos,118854,22582.260000000002
94,tableta,68774,13067.06
95,laptop,117371,22300.49
96,tableta,61883,11757.77
97,audífonos,58915,11193.85
98,altavoz,100183,19034.77
99,celular,130228,24743.32
100,reloj inteligente,120718,22936.420000000002
101,televisión,120715,22935.85
102,computadora,126137,23966.03
103,laptop,83585,15881.15
104,audífonos,61019,11593.61
105,bocinas,108257,20568.83
106,audífonos,98025,18624.75
107,laptop,99252,18857.88
108,bocinas,75347,14315.93
109,laptop,97850,18591.5
110,bocinas,68373,12990.87
111,bocinas,69630,13229.7
112,consola,66738,12680.22
113,computadora,60127,11424.130000000001
114,computadora,99164,18841.16
115,computadora,120693,22931.670000000002
116,bocinas,137247,26076.93
117,consola,90594,17212.86
118,reloj inteligente,118676,22548.44
119,altavoz,133034,25276.46
120,consola,89840,17069.6
121,bocinas,144668,27486.920000000002
122,reloj inteligente,115941,22028.79
123,bocinas,106359,20208.21
124,altavoz,84574,16069.06
125,consola,73862,14033.78
126,computadora,84217,16001.23
127,bocinas,51683,9819.77
128,bocinas,74295,14116.05
129,audífonos,78447,14904.93
130,altavoz,137713,26165.47
131,consola,101947,19369.93
132,celular,79314,15069.66
133,bocinas,93887,17838.53
134,laptop,82310,15638.9
135,consola,100863,19163.97
136,computadora,63328,12032.32
137,laptop,140530,26700.7
138,bocinas,61162,11620.78
139,computadora,125612,23866.28
140,bocinas,54891,10429.29
141,celular,113142,21496.98
142,celular,85480,16241.2
143,televisión,95584,18160.96
144,televisión,88178,16753.82
145,bocinas,120217,22841.23
146,celular,74658,14185.02
147,celular,139616,26527.04
148,consola,142666,27106.54
149,computadora,85212,16190.28
150,altavoz,128810,24473.9
151,consola,96757,18383.83
152,reloj inteligente,68358,12988.02
153,tableta,48592,9232.48
154,televisión,81873,15555.87
155,laptop,144621,27477.99
156,celular,53090,10087.1
157,bocinas,46136,8765.84
158,consola,62319,11840.61
159,bocinas,138534,26321.46
160,altavoz,76074,14454.06
161,laptop,98877,18786.63
162,televisión,115144,21877.36
163,audífonos,123041,23377.79
164,computadora,48564,9227.16
165,reloj inteligente,46150,8768.5
166,tableta,127733,24269.27
167,altavoz,116070,22053.3
168,televisión,62811,11934.09
169,bocinas,109129,20734.510000000002
170,reloj inteligente,82276,15632.44
171,laptop,125085,23766.15
172,reloj inteligente,68760,13064.4
173,laptop,109943,20889.170000000002
174,computadora,127250,24177.5
175,consola,122021,23183.99
176,consola,74492,14153.48
177,celular,79348,15076.12
178,audífonos,96527,18340.13
179,reloj inteligente,82142,15606.98
180,altavoz,96679,18369.01
181,laptop,117459,22317.21
182,laptop,142484,27071.96
183,audífonos,95611,18166.09
184,televisión,114112,21681.28
185,laptop,120710,22934.9
186,televisión,127001,24130.19
187,computadora,128040,24327.6
188,altavoz,107178,20363.82
189,laptop,58536,11121.84
190,audífonos,143013,27172.47
191,reloj inteligente,50336,9563.84
192,altavoz,148528,28220.32
193,celular,51576,9799.44
194,altavoz,70772,13446.68
195,reloj inteligente,113642,21591.98
196,bocinas,120627,22919.13
197,televisión,107662,20455.78
198,reloj inteligente,90144,17127.36
199,tableta,126435,24022.65
200,televisión,81447,15474.93
201,laptop,52217,9921.23
202,altavoz,125736,23889.84
203,celular,128584,24430.96
204,computadora,69553,13215.07
205,consola,140226,26642.94
206,computadora,69700,13243.0
207,reloj inteligente,141011,26792.09
208,computadora,117496,22324.24
209,tableta,125784,23898.96
210,computadora,100027,19005.13
211,televisión,144622,27478.18
212,reloj inteligente,140963,26782.97
213,celular,48413,9198.47
214,audífonos,64069,12173.11
215,celular,68951,13100.69
216,altavoz,58651,11143.69
217,altavoz,61178,11623.82
218,televisión,74696,14192.24
219,celular,100103,19019.57
220,bocinas,46746,8881.74
221,altavoz,122546,23283.74
222,celular,110447,20984.93
223,televisión,115984,22036.96
224,televisión,103811,19724.09
225,bocinas,109126,20733.94
226,tableta,78099,14838.81
227,laptop,52273,9931.87
228,computadora,140407,26677.33
229,computadora,82291,15635.29
230,altavoz,62151,11808.69
231,consola,76108,14460.52
232,laptop,69332,13173.08
233,audífonos,144440,27443.6
234,consola,85731,16288.89
235,audífonos,149100,28329.0
236,celular,94717,17996.23
237,computadora,79076,15024.44
238,celular,136508,25936.52
239,consola,45837,8709.03
240,tableta,117173,22262.87
241,laptop,112042,21287.98
242,laptop,148856,28282.64
243,bocinas,110700,21033.0
244,consola,74612,14176.28
245,televisión,62282,11833.58
246,altavoz,126243,23986.170000000002
247,laptop,107585,20441.15
248,audífonos,61905,11761.95
249,consola,64382,12232.58
250,computadora,75230,14293.7
251,reloj inteligente,122586,23291.34
252,laptop,76642,14561.98
253,bocinas,89272,16961.68
254,computadora,103311,19629.09
255,bocinas,60722,11537.18
256,tableta,48284,9173.960000000001
257,laptop,48829,9277.51
258,consola,140041,26607.79
259,reloj inteligente,90364,17169.16
260,laptop,67008,12731.52
261,audífonos,88715,16855.85
262,reloj inteligente,147437,28013.03
263,altavoz,63599,12083.81
264,consola,135453,25736.07
265,altavoz,97499,18524.81
266,tableta,140543,26703.170000000002
267,consola,147702,28063.38
268,bocinas,126653,24064.07
269,reloj inteligente,142449,27065.31
270,audífonos,101908,19362.52
271,tableta,85766,16295.54
272,consola,149211,28350.09
273,altavoz,143354,27237.260000000002
274,laptop,138635,26340.65
275,laptop,92341,17544.79
276,consola,138094,26237.86
277,altavoz,79115,15031.85
278,televisión,116803,22192.57
279,altavoz,57947,11009.93
280,laptop,78690,14951.1
281,consola,129522,24609.18
282,reloj inteligente,98906,18792.14
283,reloj inteligente,73636,13990.84
284,audífonos,121544,23093.36
285,televisión,63010,11971.9
286,altavoz,55451,10535.69
287,consola,109898,20880.62
288,altavoz,86443,16424.170000000002
289,computadora,64884,12327.960000000001
290,tableta,92488,17572.72
291,celular,52979,10066.01
292,consola,83188,15805.72
293,bocinas,86168,16371.92
294,audífonos,106474,20230.06
295,televisión,81211,15430.09
296,computadora,147208,27969.52
297,altavoz,45590,8662.1
298,audífonos,82057,15590.83
299,tableta,136968,26023.920000000002
300,laptop,65876,12516.44
301,consola,91702,17423.38
302,celular,55144,10477.36
303,reloj inteligente,146507,27836.33
304,consola,88140,16746.6
305,celular,59296,11266.24
306,consola,55192,10486.48
307,altavoz,53875,10236.25
308,reloj inteligente,116823,22196.37
309,televisión,136158,25870.02
310,tableta,92906,17652.14
311,tableta,58635,11140.65
312,audífonos,74349,14126.31
313,celular,121011,22992.09
314,reloj inteligente,74092,14077.48
315,tableta,145208,27589.52
316,laptop,67763,12874.97
317,bocinas,130657,24824.83
318,laptop,81564,15497.16
319,computadora,55221,10491.99
320,televisión,113856,21632.64
321,tableta,82823,15736.37
322,altavoz,93326,17731.94
323,tableta,142366,27049.54
324,altavoz,85204,16188.76
325,televisión,136455,25926.45
326,celular,114044,21668.36
327,televisión,114172,21692.68
328,laptop,148255,28168.45
329,consola,64670,12287.3
330,celular,75188,14285.72
331,audífonos,114985,21847.15
332,audífonos,126959,24122.21
333,celular,130000,24700.0
334,reloj inteligente,115000,21850.0
335,celular,77112,14651.28
336,audífonos,72384,13752.960000000001
337,laptop,113749,21612.31
338,consola,120170,22832.3
339,laptop,88812,16874.28
340,consola,86204,16378.76
341,audífonos,92643,17602.170000000002
342,altavoz,101506,19286.14
343,altavoz,56754,10783.26
344,televisión,130969,24884.11
345,reloj inteligente,71220,13531.8
346,celular,68712,13055.28
347,laptop,144423,27440.37
348,celular,134784,25608.96
349,consola,84845,16120.550000000001
350,reloj inteligente,136800,25992.0
351,tableta,46283,8793.77
352,computadora,128348,24386.12
353,televisión,101175,19223.25
354,televisión,93675,17798.25
355,reloj inteligente,51987,9877.53
356,televisión,129839,24669.41
357,consola,95723,18187.37
358,computadora,105763,20094.97
359,consola,131996,25079.24
360,bocinas,107332,20393.08
361,computadora,51674,9818.06
362,reloj inteligente,97235,18474.65
363,celular,77210,14669.9
364,laptop,131198,24927.62
365,consola,53010,10071.9
366,laptop,80334,15263.460000000001
367,computadora,111123,21113.37
368,bocinas,99710,18944.9
369,computadora,125138,23776.22
370,reloj inteligente,100238,19045.22
371,consola,98119,18642.61
372,laptop,103767,19715.73
373,laptop,96731,18378.89
374,celular,56771,10786.49
375,computadora,53516,10168.04
376,computadora,98771,18766.49
377,computadora,67885,12898.15
378,laptop,120505,22895.95
379,altavoz,76266,14490.54
380,tableta,74538,14162.22
381,computadora,50934,9677.460000000001
382,tableta,133367,25339.73
383,computadora,149208,28349.52
384,televisión,118111,22441.09
385,audífonos,147262,27979.78
386,televisión,74403,14136.57
387,tableta,137073,26043.87
388,altavoz,132353,25147.07
389,laptop,90671,17227.49
390,bocinas,136258,25889.02
391,laptop,109759,20854.21
392,audífonos,107416,20409.04
393,audífonos,94227,17903.13
394,audífonos,92468,17568.920000000002
395,computadora,98668,18746.920000000002
396,consola,50296,9556.24
397,reloj inteligente,76760,14584.4
398,tableta,80348,15266.12
399,bocinas,114173,21692.87
400,altavoz,49737,9450.03
401,laptop,74788,14209.72
402,laptop,139417,26489.23
403,laptop,68785,13069.15
404,celular,92452,17565.88
405,televisión,139383,26482.77
406,laptop,107168,20361.920000000002
407,televisión,105279,20003.010000000002
408,laptop,124278,23612.82
409,tableta,144289,27414.91
410,tableta,123063,23381.97
411,consola,67724,12867.56
412,bocinas,93276,17722.44
413,laptop,57131,10854.89
414,tableta,146198,27777.62
415,consola,49824,9466.56
416,audífonos,114609,21775.71
417,televisión,76078,14454.82
418,altavoz,135054,25660.260000000002
419,tableta,107803,20482.57
420,tableta,134067,25472.73
421,consola,63629,12089.51
422,reloj inteligente,51237,9735.03
423,laptop,113567,21577.73
424,computadora,142407,27057.33
425,reloj inteligente,101958,19372.02
426,audífonos,62108,11800.52
427,laptop,85259,16199.210000000001
428,televisión,107883,20497.77
429,audífonos,98203,18658.57
430,altavoz,69964,13293.16
431,tableta,105321,20010.99
432,bocinas,91817,17445.23
433,consola,120056,22810.64
434,altavoz,149392,28384.48
435,reloj inteligente,115661,21975.59
436,televisión,101491,19283.29
437,computadora,126206,23979.14
438,consola,54973,10444.87
439,tableta,127767,24275.73
440,consola,107530,20430.7
441,reloj inteligente,72828,13837.32
442,consola,61168,11621.92
443,altavoz,86077,16354.630000000001
444,televisión,88505,16815.95
445,reloj inteligente,54981,10446.39
446,reloj inteligente,97973,18614.87
447,laptop,113963,21652.97
448,consola,126776,24087.44
449,laptop,60424,11480.56
450,tableta,57534,10931.460000000001
451,reloj inteligente,126912,24113.28
452,bocinas,113817,21625.23
453,bocinas,63044,11978.36
454,celular,147961,28112.59
455,bocinas,47051,8939.69
456,consola,69547,13213.93
457,reloj inteligente,111464,21178.16
458,reloj inteligente,123060,23381.4
459,reloj inteligente,81224,15432.56
460,audífonos,55273,10501.87
461,celular,116286,22094.34
462,bocinas,93640,17791.6
463,celular,104641,19881.79
464,consola,90728,17238.32
465,bocinas,49310,9368.9
466,celular,127407,24207.33
467,reloj inteligente,88745,16861.55
468,celular,74583,14170.77
469,celular,117780,22378.2
470,reloj inteligente,141761,26934.59
471,altavoz,101251,19237.69
472,reloj inteligente,134577,25569.63
473,laptop,130036,24706.84
474,tableta,75918,14424.42
475,altavoz,134504,25555.760000000002
476,computadora,53581,10180.39
477,laptop,96859,18403.21
478,tableta,78457,14906.83
479,bocinas,57908,11002.52
480,bocinas,62597,11893.43
481,computadora,56144,10667.36
482,laptop,104450,19845.5
483,celular,96454,18326.26
484,reloj inteligente,104970,19944.3
485,reloj inteligente,45373,8620.87
486,altavoz,92982,17666.58
487,tableta,106172,20172.68
488,audífonos,85324,16211.56
489,altavoz,53596,10183.24
490,audífonos,107907,20502.33
491,audífonos,55910,10622.9
492,laptop,74752,14202.880000000001
493,televisión,81185,15425.15
494,tableta,79766,15155.54
495,altavoz,122586,23291.34
496,computadora,147512,28027.28
497,reloj inteligente,74988,14247.72
498,computadora,59210,11249.9
499,altavoz,116352,22106.88
500,celular,48536,9221.84
501,consola,81947,15569.93
502,reloj inteligente,121411,23068.09
503,altavoz,143813,27324.47
504,laptop,149895,28480.05
505,bocinas,52943,10059.17
506,laptop,65027,12355.130000000001
507,altavoz,103471,19659.49
508,audífonos,86309,16398.71
509,computadora,123757,23513.83
510,laptop,118952,22600.88
511,reloj inteligente,116821,22195.99
512,laptop,107314,20389.66
513,audífonos,71466,13578.54
514,tableta,123863,23533.97
515,reloj inteligente,84428,16041.32
516,televisión,129961,24692.59
517,altavoz,79225,15052.75
518,consola,92712,17615.28
519,computadora,93973,17854.87
520,altavoz,63725,12107.75
521,reloj inteligente,50707,9634.33
522,reloj inteligente,142925,27155.75
523,computadora,49660,9435.4
524,televisión,62296,11836.24
525,celular,87150,16558.5
526,computadora,88542,16822.98
527,bocinas,135785,25799.15
528,computadora,104219,19801.61
529,reloj inteligente,122459,23267.21
530,tableta,97398,18505.62
531,computadora,60220,11441.8
532,audífonos,145150,27578.5
533,reloj inteligente,109390,20784.1
534,reloj inteligente,145992,27738.48
535,laptop,52876,10046.44
536,computadora,83175,15803.25
537,bocinas,107898,20500.62
538,laptop,98607,18735.33
539,consola,65756,12493.64
540,altavoz,65967,12533.73
541,altavoz,130453,24786.07
542,televisión,93436,17752.84
543,celular,79178,15043.82
544,altavoz,113685,21600.15
545,celular,59998,11399.62
546,bocinas,71562,13596.78
547,computadora,97318,18490.420000000002
548,celular,57253,10878.07
549,tableta,96670,18367.3
550,reloj inteligente,96403,18316.57
551,tableta,52212,9920.28
552,tableta,117453,22316.07
553,bocinas,87877,16696.63
554,tableta,123183,23404.77
555,laptop,53991,10258.29
556,consola,96735,18379.65
557,computadora,111393,21164.670000000002
558,televisión,126615,24056.85
559,computadora,137920,26204.8
560,consola,119111,22631.09
561,reloj inteligente,94868,18024.920000000002
562,computadora,66396,12615.24
563,altavoz,86172,16372.68
564,altavoz,99854,18972.260000000002
565,laptop,107234,20374.46
566,reloj inteligente,107090,20347.1
567,tableta,56822,10796.18
568,televisión,141186,26825.34
569,altavoz,71282,13543.58
570,reloj inteligente,97846,18590.74
571,celular,80060,15211.4
572,altavoz,115166,21881.54
573,bocinas,134099,25478.81
574,bocinas,77840,14789.6
575,celular,102257,19428.83
576,altavoz,138962,26402.78
577,laptop,56196,10677.24
578,tableta,50090,9517.1
579,audífonos,148000,28120.0
580,tableta,101096,19208.24
581,celular,81360,15458.4
582,tableta,65885,12518.15
583,tableta,97023,18434.37
584,consola,136439,25923.41
585,audífonos,83725,15907.75
586,reloj inteligente,88267,16770.73
587,consola,125368,23819.920000000002
588,reloj inteligente,117366,22299.54
589,celular,56569,10748.11
590,televisión,72759,13824.210000000001
591,audífonos,61906,11762.14
592,reloj inteligente,89857,17072.83
593,tableta,104117,19782.23
594,reloj inteligente,115788,21999.72
595,bocinas,71374,13561.06
596,bocinas,68883,13087.77
597,televisión,45324,8611.56
598,laptop,82941,15758.79
599,consola,69064,13122.16
600,televisión,93637,17791.03
601,consola,140938,26778.22
602,altavoz,73810,14023.9
603,laptop,109542,20812.98
604,tableta,59468,11298.92
605,audífonos,138807,26373.33
606,consola,125311,23809.09
607,computadora,105212,19990.28
608,televisión,100770,19146.3
609,reloj inteligente,74875,14226.25
610,reloj inteligente,64526,12259.94
611,celular,139724,26547.56
612,celular,94072,17873.68
613,audífonos,48136,9145.84
614,laptop,62323,11841.37
615,televisión,97960,18612.4
616,reloj inteligente,111453,21176.07
617,tableta,55562,10556.78
618,laptop,143975,27355.25
619,audífonos,120516,22898.04
620,celular,105343,20015.170000000002
621,computadora,123415,23448.85
622,computadora,97914,18603.66
623,televisión,126717,24076.23
624,audífonos,78460,14907.4
625,consola,131059,24901.21
626,computadora,136949,26020.31
627,altavoz,97081,18445.39
628,consola,142336,27043.84
629,televisión,96043,18248.170000000002
630,consola,66873,12705.87
631,altavoz,119433,22692.27
632,reloj inteligente,96187,18275.53
633,computadora,140705,26733.95
634,laptop,50986,9687.34
635,computadora,101438,19273.22
636,televisión,148003,28120.57
637,consola,126042,23947.98
638,altavoz,140091,26617.29
639,celular,134293,25515.670000000002
640,altavoz,113564,21577.16
641,consola,111037,21097.03
642,televisión,122804,23332.760000000002
643,tableta,139896,26580.24
644,laptop,96258,18289.02
645,computadora,89411,16988.09
646,bocinas,90981,17286.39
647,audífonos,75988,14437.72
648,laptop,129300,24567.0
649,televisión,144204,27398.760000000002
650,consola,62727,11918.130000000001
651,reloj inteligente,61102,11609.380000000001
652,televisión,102076,19394.44
653,celular,72950,13860.5
654,consola,123986,23557.34
655,reloj inteligente,56633,10760.27
656,tableta,115656,21974.64
657,celular,146856,27902.64
658,reloj inteligente,119574,22719.06
659,bocinas,127540,24232.6
660,tableta,62105,11799.95
661,altavoz,78557,14925.83
662,laptop,101188,19225.72
663,televisión,84404,16036.76
664,consola,52766,10025.54
665,bocinas,110045,20908.55
666,computadora,70654,13424.26
667,tableta,65572,12458.68
668,bocinas,144559,27466.21
669,bocinas,148000,28120.0
670,televisión,97948,18610.12
671,audífonos,140544,26703.36
672,celular,143326,27231.94
673,consola,45410,8627.9
674,altavoz,134082,25475.58
675,altavoz,92732,17619.08
676,consola,124638,23681.22
677,consola,61192,11626.48
678,laptop,54939,10438.41
679,laptop,95259,18099.21
680,audífonos,65488,12442.72
681,bocinas,117521,22328.99
682,audífonos,91098,17308.62
683,audífonos,104440,19843.6
684,reloj inteligente,141489,26882.91
685,consola,121350,23056.5
686,celular,45540,8652.6
687,audífonos,67550,12834.5
688,tableta,64062,12171.78
689,reloj inteligente,139198,26447.62
690,computadora,86872,16505.68
691,computadora,111301,21147.19
692,reloj inteligente,97445,18514.55
693,laptop,70857,13462.83
694,altavoz,122358,23248.02
695,reloj inteligente,89952,17090.88
696,consola,47477,9020.63
697,consola,91001,17290.19
698,televisión,74264,14110.16
699,computadora,87796,16681.24
700,reloj inteligente,111552,21194.88
701,audífonos,87770,16676.3
702,bocinas,91739,17430.41
703,computadora,74128,14084.32
704,tableta,50402,9576.380000000001
705,tableta,145190,27586.1
706,consola,131199,24927.81
707,celular,129391,24584.29
708,tableta,58884,11187.960000000001
709,tableta,105767,20095.73
710,altavoz,87438,16613.22
711,audífonos,130604,24814.760000000002
712,altavoz,120124,22823.56
713,reloj inteligente,53217,10111.23
714,computadora,149957,28491.83
715,altavoz,148261,28169.59
716,celular,100583,19110.77
717,audífonos,101597,19303.43
718,bocinas,91801,17442.19
719,audífonos,53824,10226.56
720,laptop,88466,16808.54
721,laptop,149839,28469.41
722,televisión,74569,14168.11
723,celular,49780,9458.2
724,audífonos,66223,12582.37
725,tableta,136473,25929.87
726,celular,149201,28348.19
727,bocinas,149478,28400.82
728,televisión,129114,24531.66
729,laptop,67616,12847.04
730,reloj inteligente,80756,15343.64
731,altavoz,78747,14961.93
732,audífonos,140900,26771.0
733,celular,119306,22668.14
734,consola,149229,28353.510000000002
735,consola,96746,18381.74
736,tableta,89469,16999.11
737,bocinas,59927,11386.130000000001
738,altavoz,123524,23469.56
739,reloj inteligente,119620,22727.8
740,audífonos,86501,16435.19
741,altavoz,109386,20783.34
742,consola,106876,20306.44
743,computadora,67962,12912.78
744,laptop,107444,20414.36
745,laptop,112849,21441.31
746,celular,65106,12370.14
747,consola,142719,27116.61
748,reloj inteligente,80133,15225.27
749,televisión,135881,25817.39
750,bocinas,45157,8579.83
751,celular,93907,17842.33
752,computadora,100407,19077.33
753,computadora,79907,15182.33
754,bocinas,66948,12720.12
755,laptop,127705,24263.95
756,tableta,73381,13942.39
757,audífonos,128186,24355.34
758,reloj inteligente,78490,14913.1
759,bocinas,131722,25027.18
760,audífonos,116140,22066.6
761,bocinas,56073,10653.87
762,bocinas,112391,21354.29
763,reloj inteligente,129253,24558.07
764,consola,58101,11039.19
765,tableta,72508,13776.52
766,consola,101896,19360.24
767,tableta,127279,24183.010000000002
768,laptop,49194,9346.86
769,televisión,74290,14115.1
770,consola,139291,26465.29
771,bocinas,91203,17328.57
772,laptop,127712,24265.28
773,audífonos,66367,12609.73
774,altavoz,124607,23675.33
775,reloj inteligente,107687,20460.53
776,computadora,86400,16416.0
777,reloj inteligente,149628,28429.32
778,reloj inteligente,144344,27425.36
779,computadora,146457,27826.83
780,computadora,118069,22433.11
781,audífonos,74239,14105.41
782,laptop,148762,28264.78
783,audífonos,46585,8851.15
784,laptop,89483,17001.77
785,consola,82869,15745.11
786,televisión,86899,16510.81
787,altavoz,143376,27241.44
788,televisión,57308,10888.52
789,audífonos,118656,22544.64
790,reloj inteligente,100699,19132.81
791,altavoz,122007,23181.33
792,consola,85018,16153.42
793,computadora,59581,11320.39
794,consola,126145,23967.55
795,altavoz,113180,21504.2
796,audífonos,143631,27289.89
797,tableta,106554,20245.260000000002
798,celular,74204,14098.76
799,televisión,98060,18631.4
800,bocinas,68170,12952.3
801,laptop,96507,18336.33
802,televisión,144249,27407.31
803,audífonos,57248,10877.12
804,tableta,53084,10085.960000000001
805,tableta,74204,14098.76
806,televisión,120859,22963.21
807,altavoz,108031,20525.89
808,celular,69902,13281.380000000001
809,tableta,106514,20237.66
810,altavoz,96958,18422.02
811,audífonos,67238,12775.22
812,computadora,72726,13817.94
813,tableta,130157,24729.83
814,laptop,83789,15919.91
815,consola,60061,11411.59
816,computadora,107757,20473.83
817,televisión,51189,9725.91
818,laptop,81278,15442.82
819,computadora,95007,18051.33
820,altavoz,94903,18031.57
821,celular,124793,23710.670000000002
822,celular,83187,15805.53
823,laptop,54771,10406.49
824,laptop,45975,8735.25
825,reloj inteligente,73097,13888.43
826,reloj inteligente,84246,16006.74
827,televisión,68228,12963.32
828,bocinas,97891,18599.29
829,tableta,53534,10171.460000000001
830,reloj inteligente,95014,18052.66
831,bocinas,107596,20443.24
832,audífonos,62577,11889.630000000001
833,audífonos,111795,21241.05
834,reloj inteligente,114629,21779.510000000002
835,audífonos,45476,8640.44
836,computadora,49795,9461.05
837,laptop,73642,13991.98
838,computadora,123941,23548.79
839,computadora,99989,18997.91
840,televisión,128864,24484.16
841,altavoz,129039,24517.41
842,celular,69169,13142.11
843,laptop,54141,10286.79
844,consola,69023,13114.37
845,audífonos,135407,25727.33
846,bocinas,92425,17560.75
847,televisión,144136,27385.84
848,audífonos,112131,21304.89
849,altavoz,45638,8671.22
850,audífonos,62906,11952.14
851,laptop,104795,19911.05
852,laptop,128065,24332.35
853,laptop,135891,25819.29
854,laptop,63316,12030.04
855,bocinas,81616,15507.04
856,laptop,138057,26230.83
857,celular,135533,25751.27
858,altavoz,46228,8783.32
859,celular,140665,26726.35
860,altavoz,145600,27664.0
861,celular,46495,8834.05
862,laptop,46406,8817.14
863,audífonos,109446,20794.74
864,altavoz,48402,9196.38
865,audífonos,109053,20720.07
866,televisión,99224,18852.56
867,reloj inteligente,62677,11908.630000000001
868,televisión,61666,11716.54
869,celular,101510,19286.9
870,celular,145080,27565.2
871,reloj inteligente,100737,19140.03
872,tableta,47579,9040.01
873,tableta,58763,11164.97
874,laptop,83880,15937.2
875,consola,61206,11629.14
876,televisión,146692,27871.48
877,computadora,62859,11943.210000000001
878,bocinas,52853,10042.07
879,laptop,147239,27975.41
880,celular,118202,22458.38
881,reloj inteligente,62526,11879.94
882,laptop,68981,13106.39
883,computadora,140011,26602.09
884,audífonos,45724,8687.56
885,reloj inteligente,115880,22017.2
886,reloj inteligente,83937,15948.03
887,bocinas,86269,16391.11
888,audífonos,149842,28469.98
889,reloj inteligente,149872,28475.68
890,reloj inteligente,147854,28092.260000000002
891,celular,105144,19977.36
892,celular,138201,26258.19
893,audífonos,76002,14440.380000000001
894,televisión,140337,26664.03
895,bocinas,120492,22893.48
896,tableta,51141,9716.79
897,televisión,129560,24616.4
898,audífonos,73466,13958.54
899,tableta,83960,15952.4
900,tableta,63993,12158.67
901,laptop,70143,13327.17
902,tableta,88667,16846.73
903,altavoz,52623,9998.37
904,consola,55940,10628.6
905,consola,120746,22941.74
906,computadora,85450,16235.5
907,reloj inteligente,49610,9425.9
908,bocinas,62872,11945.68
909,tableta,87257,16578.83
910,audífonos,127048,24139.12
911,celular,100813,19154.47
912,laptop,100118,19022.420000000002
913,televisión,140831,26757.89
914,tableta,124573,23668.87
915,bocinas,86702,16473.38
916,bocinas,146319,27800.61
917,consola,134142,25486.98
918,celular,59908,11382.52
919,celular,136250,25887.5
920,computadora,102667,19506.73
921,laptop,124110,23580.9
922,consola,98832,18778.08
923,computadora,92141,17506.79
924,celular,91169,17322.11
925,computadora,117284,22283.96
926,consola,47797,9081.43
927,tableta,67869,12895.11
928,televisión,55923,10625.37
929,bocinas,107623,20448.37
930,tableta,104239,19805.41
931,consola,141471,26879.49
932,reloj inteligente,60536,11501.84
933,laptop,71523,13589.37
934,televisión,106238,20185.22
935,reloj inteligente,134599,25573.81
936,laptop,107053,20340.07
937,televisión,78806,14973.14
938,bocinas,121347,23055.93
939,altavoz,137048,26039.12
940,altavoz,140295,26656.05
941,bocinas,111591,21202.29
942,computadora,80843,15360.17
943,laptop,101656,19314.64
944,tableta,78784,14968.960000000001
945,tableta,94455,17946.45
946,televisión,128805,24472.95
947,tableta,58715,11155.85
948,celular,79354,15077.26
949,altavoz,59395,11285.05
950,consola,98970,18804.3
951,altavoz,78672,14947.68
952,consola,89425,16990.75
953,consola,126179,23974.010000000002
954,tableta,148294,28175.86
955,bocinas,123457,23456.83
956,bocinas,124706,23694.14
957,celular,128462,24407.78
958,altavoz,144553,27465.07
959,altavoz,98875,18786.25
960,computadora,49020,9313.8
961,consola,63941,12148.79
962,reloj inteligente,50569,9608.11
963,altavoz,69556,13215.64
964,laptop,134564,25567.16
965,computadora,144729,27498.510000000002
966,altavoz,107413,20408.47
967,celular,103687,19700.53
968,tableta,106583,20250.77
969,computadora,53048,10079.12
970,laptop,129752,24652.88
971,computadora,99096,18828.24
972,audífonos,145571,27658.49
973,consola,112626,21398.94
974,tableta,73720,14006.8
975,bocinas,149859,28473.21
976,consola,148723,28257.37
977,reloj inteligente,97953,18611.07
978,televisión,122281,23233.39
979,altavoz,76507,14536.33
980,laptop,51390,9764.1
981,reloj inteligente,78405,14896.95
982,altavoz,122437,23263.03
983,celular,137681,26159.39
984,celular,78795,14971.05
985,celular,146739,27880.41
986,tableta,95122,18073.18
987,celular,131377,24961.63
988,bocinas,78619,14937.61
989,audífonos,93818,17825.420000000002
990,celular,137940,26208.6
991,televisión,144394,27434.86
992,tableta,118755,22563.45
993,altavoz,93327,17732.13
994,altavoz,119664,22736.16
995,audífonos,113515,21567.85
996,reloj inteligente,93759,17814.21
997,celular,126694,24071.86
998,altavoz,125586,23861.34
999,laptop,112861,21443.59
1000,audífonos,51162,9720.78
1001,computadora,89121,16932.99
1002,altavoz,81033,15396.27
1003,laptop,95446,18134.74
1004,audífonos,68746,13061.74
1005,audífonos,59120,11232.8
1006,tableta,54842,10419.98
1007,bocinas,107955,20511.45
1008,celular,119454,22696.260000000002
1009,celular,87224,16572.56
1010,reloj inteligente,57287,10884.53
1011,celular,61447,11674.93
1012,altavoz,78846,14980.74
1013,computadora,65223,12392.37
1014,audífonos,81685,15520.15
1015,televisión,90118,17122.420000000002
1016,celular,63050,11979.5
1017,computadora,126018,23943.420000000002
1018,altavoz,144989,27547.91
1019,tableta,81531,15490.89
1020,laptop,79399,15085.81
1021,bocinas,108442,20603.98
1022,consola,87678,16658.82
1023,audífonos,146833,27898.27
1024,televisión,56596,10753.24
1025,audífonos,88259,16769.21
1026,audífonos,49663,9435.97
1027,tableta,113577,21579.63
1028,celular,75116,14272.04
1029,reloj inteligente,63106,11990.14
1030,bocinas,101444,19274.36
1031,laptop,143728,27308.32
1032,altavoz,68374,12991.06
1033,celular,80180,15234.2
1034,reloj inteligente,130863,24863.97
1035,computadora,121463,23077.97
1036,consola,63287,12024.53
1037,bocinas,45652,8673.88
1038,bocinas,133756,25413.64
1039,televisión,127259,24179.21
1040,altavoz,89323,16971.37
1041,audífonos,73291,13925.29
1042,audífonos,139416,26489.04
1043,laptop,103075,19584.25
1044,computadora,142616,27097.04
1045,audífonos,67468,12818.92
1046,celular,96400,18316.0
1047,altavoz,139981,26596.39
1048,altavoz,111440,21173.6
1049,bocinas,135038,25657.22
1050,bocinas,102452,19465.88
1051,bocinas,148754,28263.260000000002
1052,altavoz,87214,16570.66
1053,tableta,104965,19943.35
1054,reloj inteligente,95904,18221.76
1055,laptop,59448,11295.12
1056,tableta,76035,14446.65
1057,audífonos,94602,17974.38
1058,altavoz,108274,20572.06
1059,bocinas,125256,23798.64
1060,reloj inteligente,148926,28295.94
1061,computadora,47803,9082.57
1062,altavoz,80513,15297.47
1063,computadora,52215,9920.85
1064,altavoz,92696,17612.24
1065,tableta,47109,8950.710000000001
1066,computadora,104455,19846.45
1067,consola,135273,25701.87
1068,consola,125662,23875.78
1069,laptop,82239,15625.41
1070,celular,48505,9215.95
1071,laptop,124385,23633.15
1072,audífonos,126507,24036.33
1073,computadora,133866,25434.54
1074,bocinas,72538,13782.22
1075,audífonos,105058,19961.02
1076,televisión,87247,16576.93
1077,tableta,120664,22926.16
1078,televisión,145921,27724.99
1079,bocinas,101417,19269.23
1080,televisión,116357,22107.83
1081,bocinas,53176,10103.44
1082,televisión,137744,26171.36
1083,reloj inteligente,127118,24152.420000000002
1084,bocinas,125217,23791.23
1085,altavoz,131898,25060.62
1086,laptop,112791,21430.29
1087,consola,65113,12371.47
1088,celular,56436,10722.84
1089,celular,128209,24359.71
1090,laptop,146750,27882.5
1091,reloj inteligente,134623,25578.37
1092,celular,90295,17156.05
1093,altavoz,147364,27999.16
1094,computadora,52080,9895.2
1095,televisión,118343,22485.170000000002
1096,celular,121916,23164.04
1097,audífonos,67218,12771.42
1098,audífonos,84040,15967.6
1099,laptop,145263,27599.97
1100,computadora,83435,15852.65
1101,bocinas,53606,10185.14
1102,laptop,94352,17926.88
1103,reloj inteligente,140863,26763.97
1104,celular,111394,21164.86
1105,tableta,117528,22330.32
1106,reloj inteligente,105221,19991.99
1107,consola,79120,15032.8
1108,computadora,60937,11578.03
1109,laptop,68495,13014.05
1110,computadora,103749,19712.31
1111,consola,46389,8813.91
1112,reloj inteligente,136717,25976.23
1113,reloj inteligente,149003,28310.57
1114,tableta,84173,15992.87
1115,tableta,79018,15013.42
1116,tableta,75424,14330.56
1117,computadora,51648,9813.12
1118,tableta,136295,25896.05
1119,computadora,64899,12330.81
1120,celular,51397,9765.43
1121,audífonos,76206,14479.14
1122,audífonos,77612,14746.28
1123,reloj inteligente,57709,10964.710000000001
1124,computadora,149414,28388.66
1125,televisión,130482,24791.58
1126,computadora,109257,20758.83
1127,computadora,107127,20354.13
1128,tableta,59850,11371.5
1129,laptop,135663,25775.97
1130,bocinas,86151,16368.69
1131,reloj inteligente,57402,10906.380000000001
1132,audífonos,146389,27813.91
1133,altavoz,96241,18285.79
1134,celular,138639,26341.41
1135,altavoz,67802,12882.380000000001
1136,reloj inteligente,77231,14673.89
1137,altavoz,104838,19919.22
1138,bocinas,71505,13585.95
1139,altavoz,144510,27456.9
1140,bocinas,68849,13081.31
1141,consola,57344,10895.36
1142,televisión,109930,20886.7
1143,celular,68076,12934.44
1144,computadora,62903,11951.57
1145,altavoz,130417,24779.23
1146,tableta,75805,14402.95
1147,laptop,76368,14509.92
1148,tableta,108720,20656.8
1149,consola,57054,10840.26
1150,celular,137488,26122.72
1151,televisión,78509,14916.710000000001
1152,celular,119192,22646.48
1153,reloj inteligente,127899,24300.81
1154,consola,53011,10072.09
1155,computadora,129139,24536.41
1156,laptop,127014,24132.66
1157,reloj inteligente,113878,21636.82
1158,celular,65108,12370.52
1159,computadora,49159,9340.210000000001
1160,celular,106025,20144.75
1161,laptop,139214,26450.66
1162,audífonos,123584,23480.96
1163,tableta,120223,22842.37
1164,altavoz,85109,16170.710000000001
1165,tableta,92228,17523.32
1166,laptop,66157,12569.83
1167,bocinas,93585,17781.15
1168,altavoz,119550,22714.5
1169,consola,83349,15836.31
1170,audífonos,95831,18207.89
1171,laptop,106466,20228.54
1172,celular,120980,22986.2
1173,bocinas,95128,18074.32
1174,televisión,120595,22913.05
1175,audífonos,82549,15684.31
1176,celular,89250,16957.5
1177,tableta,45661,8675.59
1178,computadora,80785,15349.15
1179,altavoz,85735,16289.65
1180,laptop,123759,23514.21
1181,reloj inteligente,83765,15915.35
1182,consola,136132,25865.08
1183,computadora,108834,20678.46
1184,consola,70901,13471.19
1185,reloj inteligente,144243,27406.170000000002
1186,tableta,60732,11539.08
1187,laptop,46074,8754.06
1188,laptop,80131,15224.89
1189,consola,70807,13453.33
1190,televisión,114432,21742.08
1191,bocinas,149007,28311.33
1192,consola,119882,22777.58
1193,computadora,73397,13945.43
1194,altavoz,67234,12774.460000000001
1195,consola,71257,13538.83
1196,bocinas,80250,15247.5
1197,laptop,49169,9342.11
1198,tableta,81822,15546.18
1199,computadora,127311,24189.09
1200,celular,110029,20905.510000000002
1201,computadora,90366,17169.54
1202,televisión,64764,12305.16
1203,televisión,54824,10416.56
1204,altavoz,126332,24003.08
1205,altavoz,131172,24922.68
1206,tableta,108254,20568.260000000002
1207,tableta,129661,24635.59
1208,tableta,107607,20445.33
1209,tableta,120621,22917.99
1210,computadora,70528,13400.32
1211,reloj inteligente,60721,11536.99
1212,laptop,128762,24464.78
1213,reloj inteligente,137754,26173.260000000002
1214,bocinas,54321,10320.99
1215,audífonos,138007,26221.33
1216,bocinas,141854,26952.260000000002
1217,consola,87967,16713.73
1218,computadora,79532,15111.08
1219,laptop,91032,17296.08
1220,celular,98027,18625.13
1221,altavoz,122879,23347.010000000002
1222,computadora,147284,27983.96
1223,audífonos,62653,11904.07
1224,laptop,62667,11906.73
1225,celular,99861,18973.59
1226,consola,146382,27812.58
1227,laptop,97116,18452.04
1228,reloj inteligente,125473,23839.87
1229,bocinas,50322,9561.18
1230,celular,55670,10577.3
1231,celular,107305,20387.95
1232,bocinas,84864,16124.16
1233,celular,146349,27806.31
1234,laptop,127558,24236.02
1235,televisión,143284,27223.96
1236,laptop,95740,18190.6
1237,laptop,130851,24861.69
1238,altavoz,83247,15816.93
1239,televisión,140498,26694.62
1240,televisión,123703,23503.57
1241,bocinas,79090,15027.1
1242,audífonos,116914,22213.66
1243,audífonos,63511,12067.09
1244,tableta,54470,10349.3
1245,audífonos,147701,28063.19
1246,televisión,111271,21141.49
1247,computadora,146921,27914.99
1248,televisión,120639,22921.41
1249,televisión,56853,10802.07
1250,celular,48004,9120.76
1251,televisión,88862,16883.78
1252,tableta,87864,16694.16
1253,altavoz,97364,18499.16
1254,tableta,49511,9407.09
1255,altavoz,64262,12209.78
1256,laptop,96467,18328.73
1257,altavoz,69844,13270.36
1258,laptop,125014,23752.66
1259,computadora,125042,23757.98
1260,televisión,98621,18737.99
1261,televisión,129675,24638.25
1262,consola,106738,20280.22
1263,laptop,145436,27632.84
1264,computadora,87854,16692.26
1265,consola,69122,13133.18
1266,tableta,56997,10829.43
1267,celular,124996,23749.24
1268,consola,103571,19678.49
1269,laptop,73067,13882.73
1270,bocinas,95407,18127.33
1271,altavoz,129522,24609.18
1272,altavoz,105607,20065.33
1273,celular,88368,16789.920000000002
1274,reloj inteligente,63006,11971.14
1275,consola,114076,21674.44
1276,celular,92984,17666.96
1277,tableta,90162,17130.78
1278,computadora,53658,10195.02
1279,audífonos,141175,26823.25
1280,bocinas,45721,8686.99
1281,bocinas,110554,21005.260000000002
1282,altavoz,101728,19328.32
1283,celular,74451,14145.69
1284,televisión,125720,23886.8
1285,computadora,116745,22181.55
1286,celular,53615,10186.85
1287,bocinas,82292,15635.48
1288,bocinas,54128,10284.32
1289,audífonos,120606,22915.14
1290,reloj inteligente,89829,17067.51
1291,bocinas,80235,15244.65
1292,altavoz,95159,18080.21
1293,tableta,86574,16449.06
1294,computadora,70235,13344.65
1295,celular,70288,13354.72
1296,reloj inteligente,101837,19349.03
1297,bocinas,147995,28119.05
1298,laptop,65613,12466.47
1299,tableta,72146,13707.74
1300,laptop,127725,24267.75
1301,reloj inteligente,106893,20309.670000000002
1302,computadora,140782,26748.58
1303,consola,87769,16676.11
1304,bocinas,143396,27245.24
1305,reloj inteligente,143267,27220.73
1306,consola,54773,10406.87
1307,computadora,51205,9728.95
1308,laptop,51965,9873.35
1309,celular,69502,13205.380000000001
1310,televisión,102157,19409.83
1311,televisión,117394,22304.86
1312,laptop,53309,10128.710000000001
1313,computadora,79225,15052.75
1314,computadora,80680,15329.2
1315,computadora,110313,20959.47
1316,audífonos,125569,23858.11
1317,audífonos,120758,22944.02
1318,laptop,109956,20891.64
1319,altavoz,103455,19656.45
1320,bocinas,121480,23081.2
1321,computadora,50356,9567.64
1322,televisión,65241,12395.79
1323,reloj inteligente,128078,24334.82
1324,audífonos,66153,12569.07
1325,bocinas,64507,12256.33
1326,audífonos,85193,16186.67
1327,laptop,126401,24016.19
1328,televisión,49955,9491.45
1329,televisión,73084,13885.960000000001
1330,laptop,91239,17335.41
1331,consola,113652,21593.88
1332,computadora,130318,24760.420000000002
1333,altavoz,121218,23031.420000000002
1334,tableta,113358,21538.02
1335,bocinas,81449,15475.31
1336,reloj inteligente,88234,16764.46
1337,tableta,50106,9520.14
1338,audífonos,99578,18919.82
1339,celular,124688,23690.72
1340,celular,126142,23966.98
1341,tableta,62168,11811.92
1342,celular,149165,28341.35
1343,computadora,79992,15198.48
1344,televisión,123675,23498.25
1345,laptop,108041,20527.79
1346,audífonos,80498,15294.62
1347,televisión,137649,26153.31
1348,celular,105960,20132.4
1349,tableta,120812,22954.28
1350,consola,95060,18061.4
1351,bocinas,141344,26855.36
1352,altavoz,47731,9068.89
1353,laptop,130934,24877.46
1354,tableta,105787,20099.53
1355,altavoz,135874,25816.06
1356,televisión,149353,28377.07
1357,consola,126125,23963.75
1358,audífonos,68476,13010.44
1359,tableta,120836,22958.84
1360,consola,119828,22767.32
1361,reloj inteligente,45041,8557.79
1362,celular,57316,10890.04
1363,televisión,47857,9092.83
1364,audífonos,109972,20894.68
1365,audífonos,91912,17463.28
1366,tableta,111286,21144.34
1367,bocinas,96255,18288.45
1368,celular,137494,26123.86
1369,consola,132871,25245.49
1370,laptop,94824,18016.56
1371,laptop,130418,24779.420000000002
1372,celular,90354,17167.26
1373,computadora,114969,21844.11
1374,audífonos,71304,13547.76
1375,audífonos,135286,25704.34
1376,altavoz,127413,24208.47
1377,tableta,86976,16525.44
1378,celular,83003,15770.57
1379,altavoz,101237,19235.03
1380,consola,103036,19576.84
1381,altavoz,75042,14257.98
1382,audífonos,52344,9945.36
1383,computadora,138266,26270.54
1384,celular,54940,10438.6
1385,audífonos,140397,26675.43
1386,altavoz,60379,11472.01
1387,audífonos,109400,20786.0
1388,consola,139755,26553.45
1389,bocinas,60731,11538.89
1390,laptop,54436,10342.84
1391,laptop,125263,23799.97
1392,celular,93007,17671.33
1393,audífonos,96582,18350.58
1394,computadora,77317,14690.23
1395,laptop,79247,15056.93
1396,bocinas,98187,18655.53
1397,tableta,99794,18960.86
1398,altavoz,75865,14414.35
1399,audífonos,106482,20231.58
1400,televisión,96014,18242.66
1401,reloj inteligente,144300,27417.0
1402,audífonos,69816,13265.04
1403,consola,53512,10167.28
1404,laptop,108012,20522.28
1405,televisión,132996,25269.24
1406,audífonos,113209,21509.71
1407,computadora,73843,14030.17
1408,televisión,63990,12158.1
1409,tableta,49339,9374.41
1410,audífonos,115870,22015.3
1411,laptop,133779,25418.010000000002
1412,bocinas,135197,25687.43
1413,audífonos,114303,21717.57
1414,reloj inteligente,125487,23842.53
1415,bocinas,118548,22524.12
1416,reloj inteligente,73454,13956.26
1417,consola,48867,9284.73
1418,consola,48732,9259.08
1419,altavoz,139664,26536.16
1420,reloj inteligente,90417,17179.23
1421,tableta,81012,15392.28
1422,celular,46007,8741.33
1423,altavoz,60221,11441.99
1424,computadora,122554,23285.260000000002
1425,reloj inteligente,102041,19387.79
1426,tableta,87045,16538.55
1427,celular,85643,16272.17
1428,consola,108397,20595.43
1429,reloj inteligente,127119,24152.61
1430,bocinas,49157,9339.83
1431,laptop,70089,13316.91
1432,altavoz,55412,10528.28
1433,consola,89363,16978.97
1434,computadora,53070,10083.3
1435,computadora,143501,27265.19
1436,laptop,123831,23527.89
1437,audífonos,73965,14053.35
1438,consola,146637,27861.03
1439,altavoz,87359,16598.21
1440,audífonos,52128,9904.32
1441,audífonos,108900,20691.0
1442,altavoz,112871,21445.49
1443,televisión,60534,11501.460000000001
1444,altavoz,121528,23090.32
1445,laptop,101735,19329.65
1446,celular,134353,25527.07
1447,bocinas,51176,9723.44
1448,computadora,136678,25968.82
1449,consola,136268,25890.920000000002
1450,laptop,112929,21456.510000000002
1451,celular,75994,14438.86
1452,tableta,68874,13086.06
1453,reloj inteligente,122474,23270.06
1454,audífonos,82292,15635.48
1455,tableta,83551,15874.69
1456,audífonos,61899,11760.81
1457,reloj inteligente,132151,25108.69
1458,televisión,96156,18269.64
1459,bocinas,57820,10985.8
1460,televisión,97421,18509.99
1461,laptop,134604,25574.760000000002
1462,altavoz,135040,25657.6
1463,laptop,61654,11714.26
1464,reloj inteligente,135501,25745.19
1465,consola,100913,19173.47
1466,televisión,53808,10223.52
1467,altavoz,104384,19832.96
1468,bocinas,110226,20942.94
1469,laptop,109261,20759.59
1470,consola,61506,11686.14
1471,consola,124235,23604.65
1472,computadora,75420,14329.8
1473,celular,53428,10151.32
1474,televisión,96365,18309.35
1475,televisión,76990,14628.1
1476,bocinas,59545,11313.55
1477,laptop,99016,18813.04
1478,tableta,74478,14150.82
1479,laptop,146303,27797.57
1480,tableta,93386,17743.34
1481,televisión,96901,18411.19
1482,bocinas,89168,16941.920000000002
1483,audífonos,103963,19752.97
1484,tableta,111530,21190.7
1485,televisión,140659,26725.21
1486,laptop,105274,20002.06
1487,audífonos,121215,23030.85
1488,televisión,91146,17317.74
1489,altavoz,148785,28269.15
1490,bocinas,93232,17714.08
1491,bocinas,56118,10662.42
1492,altavoz,134978,25645.82
1493,celular,134006,25461.14
1494,celular,50721,9636.99
1495,televisión,135411,25728.09
1496,computadora,69915,13283.85
1497,consola,98515,18717.85
1498,consola,110184,20934.96
1499,audífonos,65563,12456.97
1500,bocinas,76255,14488.45
1501,tableta,119854,22772.260000000002
1502,audífonos,45281,8603.39
1503,reloj inteligente,112533,21381.27
1504,televisión,84300,16017.0
1505,computadora,127852,24291.88
1506,televisión,145999,27739.81
1507,celular,74416,14139.04
1508,consola,56179,10674.01
1509,audífonos,146287,27794.53
1510,televisión,132682,25209.58
1511,tableta,114554,21765.260000000002
1512,audífonos,136126,25863.94
1513,tableta,49885,9478.15
1514,bocinas,67362,12798.78
1515,laptop,133385,25343.15
1516,altavoz,55771,10596.49
1517,televisión,107043,20338.170000000002
1518,televisión,97006,18431.14
1519,consola,55739,10590.41
1520,laptop,54423,10340.37
1521,televisión,56407,10717.33
1522,tableta,109364,20779.16
1523,tableta,138336,26283.84
1524,televisión,123985,23557.15
1525,reloj inteligente,71690,13621.1
1526,bocinas,99501,18905.19
1527,computadora,128770,24466.3
1528,laptop,100533,19101.27
1529,tableta,61584,11700.960000000001
1530,audífonos,54743,10401.17
1531,computadora,93344,17735.36
1532,televisión,54140,10286.6
1533,consola,74041,14067.79
1534,altavoz,56606,10755.14
1535,laptop,66573,12648.87
1536,altavoz,130871,24865.49
1537,audífonos,143655,27294.45
1538,computadora,109682,20839.58
1539,bocinas,80432,15282.08
1540,audífonos,45872,8715.68
1541,celular,105816,20105.04
1542,laptop,139913,26583.47
1543,laptop,93143,17697.170000000002
1544,reloj inteligente,70251,13347.69
1545,audífonos,98934,18797.46
1546,televisión,69973,13294.87
1547,celular,109875,20876.25
1548,laptop,99843,18970.170000000002
1549,televisión,98579,18730.010000000002
1550,televisión,115972,22034.68
1551,reloj inteligente,59831,11367.89
1552,televisión,117398,22305.62
1553,altavoz,134263,25509.97
1554,televisión,73766,14015.54
1555,altavoz,105570,20058.3
1556,consola,108531,20620.89
1557,computadora,53831,10227.89
1558,bocinas,56942,10818.98
1559,bocinas,143293,27225.670000000002
1560,computadora,134129,25484.510000000002
1561,audífonos,133989,25457.91
1562,tableta,75783,14398.77
1563,computadora,45320,8610.8
1564,laptop,128583,24430.77
1565,celular,144710,27494.9
1566,celular,132247,25126.93
1567,tableta,84921,16134.99
1568,tableta,113200,21508.0
1569,consola,58825,11176.75
1570,altavoz,64360,12228.4
1571,tableta,103321,19630.99
1572,reloj inteligente,100381,19072.39
1573,reloj inteligente,148342,28184.98
1574,altavoz,74562,14166.78
1575,audífonos,147584,28040.96
1576,reloj inteligente,49673,9437.87
1577,televisión,143638,27291.22
1578,altavoz,133317,25330.23
1579,celular,84746,16101.74
1580,audífonos,143452,27255.88
1581,bocinas,103849,19731.31
1582,computadora,64829,12317.51
1583,bocinas,63859,12133.210000000001
1584,audífonos,95741,18190.79
1585,audífonos,60462,11487.78
1586,tableta,104757,19903.83
1587,reloj inteligente,130673,24827.87
1588,audífonos,82161,15610.59
1589,celular,116615,22156.85
1590,laptop,106104,20159.760000000002
1591,consola,51876,9856.44
1592,reloj inteligente,123043,23378.170000000002
1593,televisión,126882,24107.58
1594,altavoz,124067,23572.73
1595,celular,102695,19512.05
1596,audífonos,66812,12694.28
1597,altavoz,127185,24165.15
1598,bocinas,115498,21944.62
1599,computadora,82918,15754.42
1600,altavoz,81485,15482.15
1601,audífonos,64288,12214.72
1602,consola,96359,18308.21
1603,celular,101281,19243.39
1604,tableta,133931,25446.89
1605,reloj inteligente,61571,11698.49
1606,audífonos,62570,11888.3
1607,tableta,52154,9909.26
1608,altavoz,96998,18429.62
1609,televisión,118782,22568.58
1610,audífonos,125646,23872.74
1611,consola,63915,12143.85
1612,televisión,131682,25019.58
1613,consola,97351,18496.69
1614,altavoz,149384,28382.96
1615,computadora,49879,9477.01
1616,laptop,149589,28421.91
1617,altavoz,91754,17433.26
1618,audífonos,64881,12327.39
1619,celular,76135,14465.65
1620,reloj inteligente,137165,26061.35
1621,celular,74760,14204.4
1622,reloj inteligente,71120,13512.8
1623,televisión,82341,15644.79
1624,laptop,56529,10740.51
1625,altavoz,65243,12396.17
1626,reloj inteligente,86698,16472.62
1627,televisión,129512,24607.28
1628,consola,101631,19309.89
1629,tableta,126127,23964.13
1630,televisión,97940,18608.6
1631,bocinas,52223,9922.37
1632,celular,90785,17249.15
1633,bocinas,88405,16796.95
1634,celular,45854,8712.26
1635,reloj inteligente,139890,26579.1
1636,consola,113629,21589.510000000002
1637,altavoz,112260,21329.4
1638,televisión,99041,18817.79
1639,tableta,109210,20749.9
1640,reloj inteligente,71589,13601.91
1641,televisión,48569,9228.11
1642,laptop,86919,16514.61
1643,televisión,47470,9019.3
1644,audífonos,124508,23656.52
1645,reloj inteligente,131104,24909.760000000002
1646,celular,79831,15167.89
1647,televisión,60445,11484.55
1648,bocinas,86327,16402.13
1649,celular,45738,8690.22
1650,computadora,113875,21636.25
1651,reloj inteligente,63103,11989.57
1652,consola,52042,9887.98
1653,celular,52707,10014.33
1654,bocinas,73031,13875.89
1655,altavoz,53051,10079.69
1656,tableta,89774,17057.06
1657,altavoz,70593,13412.67
1658,reloj inteligente,49823,9466.37
1659,altavoz,140686,26730.34
1660,audífonos,45176,8583.44
1661,televisión,138334,26283.46
1662,consola,99022,18814.18
1663,consola,55692,10581.48
1664,tableta,80004,15200.76
1665,bocinas,68237,12965.03
1666,laptop,101010,19191.9
1667,bocinas,88440,16803.6
1668,celular,130431,24781.89
1669,consola,102376,19451.44
1670,audífonos,129405,24586.95
1671,computadora,96041,18247.79
1672,televisión,76702,14573.380000000001
1673,bocinas,125932,23927.08
1674,celular,132395,25155.05
1675,laptop,97763,18574.97
1676,altavoz,111065,21102.35
1677,altavoz,83347,15835.93
1678,consola,65787,12499.53
1679,consola,65454,12436.26
1680,tableta,105166,19981.54
1681,bocinas,68361,12988.59
1682,altavoz,55980,10636.2
1683,laptop,54548,10364.12
1684,computadora,57478,10920.82
1685,altavoz,132358,25148.02
1686,laptop,118746,22561.74
1687,bocinas,124059,23571.21
1688,televisión,98136,18645.84
1689,consola,147647,28052.93
1690,consola,73267,13920.73
1691,altavoz,62535,11881.65
1692,laptop,143676,27298.44
1693,consola,119425,22690.75
1694,consola,85260,16199.4
1695,bocinas,126427,24021.13
1696,laptop,59594,11322.86
1697,televisión,119366,22679.54
1698,laptop,110266,20950.54
1699,tableta,124340,23624.6
1700,tableta,130960,24882.4
1701,computadora,100357,19067.83
1702,audífonos,133682,25399.58
1703,altavoz,94178,17893.82
1704,celular,129897,24680.43
1705,bocinas,123994,23558.86
1706,altavoz,61148,11618.12
1707,bocinas,142723,27117.37
1708,reloj inteligente,98898,18790.62
1709,altavoz,127872,24295.68
1710,tableta,134017,25463.23
1711,audífonos,96091,18257.29
1712,computadora,113335,21533.65
1713,tableta,78864,14984.16
1714,celular,131072,24903.68
1715,computadora,48920,9294.8
1716,televisión,143396,27245.24
1717,celular,50038,9507.22
1718,consola,107486,20422.34
1719,altavoz,49460,9397.4
1720,televisión,54811,10414.09
1721,audífonos,63077,11984.630000000001
1722,tableta,131962,25072.78
1723,bocinas,144801,27512.19
1724,audífonos,113312,21529.28
1725,audífonos,65738,12490.22
1726,celular,133739,25410.41
1727,consola,61306,11648.14
1728,computadora,106097,20158.43
1729,celular,140002,26600.38
1730,celular,121218,23031.420000000002
1731,laptop,57893,10999.67
1732,bocinas,138508,26316.52
1733,reloj inteligente,80395,15275.05
1734,consola,111033,21096.27
1735,altavoz,141601,26904.19
1736,altavoz,75879,14417.01
1737,laptop,114253,21708.07
1738,bocinas,56049,10649.31
1739,audífonos,96979,18426.01
1740,computadora,107873,20495.87
1741,laptop,106420,20219.8
1742,bocinas,102759,19524.21
1743,reloj inteligente,70146,13327.74
1744,consola,142592,27092.48
1745,laptop,131743,25031.170000000002
1746,consola,114660,21785.4
1747,computadora,61375,11661.25
1748,bocinas,80614,15316.66
1749,bocinas,146241,27785.79
1750,altavoz,124935,23737.65
1751,laptop,149485,28402.15
1752,televisión,115701,21983.19
1753,audífonos,149304,28367.760000000002
1754,altavoz,111523,21189.37
1755,laptop,69623,13228.37
1756,reloj inteligente,57424,10910.56
1757,tableta,100239,19045.41
1758,consola,48300,9177.0
1759,altavoz,133427,25351.13
1760,computadora,66466,12628.54
1761,bocinas,86304,16397.76
1762,consola,136247,25886.93
1763,tableta,119164,22641.16
1764,audífonos,94120,17882.8
1765,audífonos,47802,9082.38
1766,reloj inteligente,105910,20122.9
1767,computadora,145311,27609.09
1768,altavoz,138803,26372.57
1769,laptop,144154,27389.260000000002
1770,consola,50111,9521.09
1771,tableta,128567,24427.73
1772,reloj inteligente,98219,18661.61
1773,computadora,142531,27080.89
1774,laptop,51899,9860.81
1775,consola,51002,9690.380000000001
1776,televisión,146012,27742.28
1777,celular,122007,23181.33
1778,altavoz,82543,15683.17
1779,laptop,116324,22101.56
1780,altavoz,131349,24956.31
1781,bocinas,129635,24630.65
1782,tableta,97793,18580.670000000002
1783,laptop,144646,27482.74
1784,consola,72026,13684.94
1785,laptop,129633,24630.27
1786,consola,115127,21874.13
1787,altavoz,49848,9471.12
1788,computadora,49600,9424.0
1789,bocinas,50905,9671.95
1790,audífonos,105003,19950.57
1791,televisión,53150,10098.5
1792,altavoz,67147,12757.93
1793,tableta,81755,15533.45
1794,consola,110454,20986.260000000002
1795,audífonos,65050,12359.5
1796,tableta,143951,27350.69
1797,computadora,145449,27635.31
1798,altavoz,60557,11505.83
1799,celular,82439,15663.41
1800,computadora,108284,20573.96
1801,audífonos,61778,11737.82
1802,computadora,129175,24543.25
1803,audífonos,63086,11986.34
1804,televisión,117825,22386.75
1805,computadora,132691,25211.29
1806,bocinas,121259,23039.21
1807,audífonos,135937,25828.03
1808,computadora,136410,25917.9
1809,altavoz,75331,14312.89
1810,altavoz,115393,21924.670000000002
1811,televisión,142196,27017.24
1812,bocinas,76851,14601.69
1813,altavoz,71020,13493.8
1814,tableta,115015,21852.85
1815,televisión,126377,24011.63
1816,celular,92430,17561.7
1817,audífonos,109761,20854.59
1818,celular,122548,23284.12
1819,reloj inteligente,69691,13241.29
1820,computadora,115498,21944.62
1821,laptop,49283,9363.77
1822,bocinas,50489,9592.91
1823,televisión,137222,26072.18
1824,celular,58627,11139.130000000001
1825,bocinas,90518,17198.420000000002
1826,bocinas,125709,23884.71
1827,audífonos,64915,12333.85
1828,laptop,102148,19408.12
1829,celular,76198,14477.62
1830,reloj inteligente,136511,25937.09
1831,tableta,74576,14169.44
1832,consola,103342,19634.98
1833,tableta,56229,10683.51
1834,televisión,84356,16027.64
1835,bocinas,113051,21479.69
1836,tableta,97329,18492.51
1837,laptop,113187,21505.53
1838,altavoz,145955,27731.45
1839,audífonos,142175,27013.25
1840,reloj inteligente,119487,22702.53
1841,televisión,111580,21200.2
1842,laptop,110034,20906.46
1843,televisión,144718,27496.420000000002
1844,laptop,128633,24440.27
1845,tableta,129904,24681.760000000002
1846,tableta,79449,15095.31
1847,reloj inteligente,49373,9380.87
1848,audífonos,120167,22831.73
1849,audífonos,141761,26934.59
1850,laptop,95460,18137.4
1851,televisión,66249,12587.31
1852,tableta,148074,28134.06
1853,tableta,73384,13942.960000000001
1854,televisión,85535,16251.65
1855,tableta,135998,25839.62
1856,bocinas,148431,28201.89
1857,televisión,103918,19744.420000000002
1858,tableta,57968,11013.92
1859,televisión,138517,26318.23
1860,reloj inteligente,109598,20823.62
1861,consola,97743,18571.170000000002
1862,consola,51467,9778.73
1863,tableta,67821,12885.99
1864,bocinas,107197,20367.43
1865,celular,73309,13928.710000000001
1866,celular,129796,24661.24
1867,reloj inteligente,63250,12017.5
1868,tableta,48696,9252.24
1869,consola,110769,21046.11
1870,reloj inteligente,122268,23230.920000000002
1871,televisión,85557,16255.83
1872,tableta,137911,26203.09
1873,laptop,57945,11009.55
1874,computadora,51832,9848.08
1875,audífonos,98537,18722.03
1876,televisión,90858,17263.02
1877,bocinas,65526,12449.94
1878,reloj inteligente,83505,15865.95
1879,altavoz,148738,28260.22
1880,consola,60627,11519.130000000001
1881,altavoz,84295,16016.050000000001
1882,computadora,82777,15727.630000000001
1883,bocinas,56832,10798.08
1884,consola,84035,15966.65
1885,audífonos,63387,12043.53
1886,tableta,75907,14422.33
1887,reloj inteligente,81782,15538.58
1888,altavoz,50794,9650.86
1889,consola,52330,9942.7
1890,celular,114368,21729.920000000002
1891,tableta,148616,28237.04
1892,consola,132165,25111.35
1893,celular,111781,21238.39
1894,celular,126401,24016.19
1895,audífonos,46871,8905.49
1896,computadora,46242,8785.98
1897,tableta,69351,13176.69
1898,audífonos,83610,15885.9
1899,bocinas,126875,24106.25
1900,consola,110213,20940.47
1901,computadora,89129,16934.51
1902,altavoz,119414,22688.66
1903,laptop,104923,19935.37
1904,altavoz,98476,18710.44
1905,consola,55057,10460.83
1906,televisión,70446,13384.74
1907,celular,58017,11023.23
1908,bocinas,119975,22795.25
1909,bocinas,116757,22183.83
1910,consola,46276,8792.44
1911,celular,70765,13445.35
1912,celular,125432,23832.08
1913,bocinas,147899,28100.81
1914,consola,147562,28036.78
1915,computadora,77919,14804.61
1916,computadora,145201,27588.19
1917,consola,78677,14948.630000000001
1918,computadora,112311,21339.09
1919,reloj inteligente,81563,15496.97
1920,televisión,45026,8554.94
1921,computadora,61042,11597.98
1922,computadora,55815,10604.85
1923,altavoz,147775,28077.25
1924,reloj inteligente,69125,13133.75
1925,consola,142993,27168.670000000002
1926,tableta,69517,13208.23
1927,computadora,140001,26600.19
1928,celular,87420,16609.8
1929,tableta,45859,8713.210000000001
1930,tableta,146399,27815.81
1931,computadora,110540,21002.6
1932,laptop,46655,8864.45
1933,bocinas,143446,27254.74
1934,tableta,121747,23131.93
1935,consola,108455,20606.45
1936,computadora,135037,25657.03
1937,televisión,144014,27362.66
1938,audífonos,67425,12810.75
1939,computadora,64387,12233.53
1940,audífonos,116161,22070.59
1941,celular,93556,17775.64
1942,tableta,49233,9354.27
1943,celular,46343,8805.17
1944,tableta,105721,20086.99
1945,reloj inteligente,71520,13588.8
1946,computadora,124172,23592.68
1947,celular,142849,27141.31
1948,laptop,78986,15007.34
1949,consola,95085,18066.15
1950,bocinas,114344,21725.36
1951,audífonos,65852,12511.880000000001
1952,tableta,117443,22314.170000000002
1953,altavoz,144813,27514.47
1954,reloj inteligente,115475,21940.25
1955,televisión,65496,12444.24
1956,altavoz,100707,19134.33
1957,altavoz,82549,15684.31
1958,bocinas,113469,21559.11
1959,audífonos,67392,12804.48
1960,televisión,73183,13904.77
1961,televisión,72538,13782.22
1962,televisión,48153,9149.07
1963,bocinas,119239,22655.41
1964,altavoz,104291,19815.29
1965,laptop,85800,16302.0
1966,reloj inteligente,148473,28209.87
1967,televisión,77213,14670.47
1968,tableta,57287,10884.53
1969,celular,149531,28410.89
1970,televisión,137226,26072.94
1971,celular,104780,19908.2
1972,celular,59526,11309.94
1973,audífonos,98154,18649.26
1974,tableta,114963,21842.97
1975,altavoz,75899,14420.81
1976,reloj inteligente,118668,22546.920000000002
1977,computadora,75432,14332.08
1978,reloj inteligente,88940,16898.6
1979,altavoz,145256,27598.64
1980,celular,66807,12693.33
1981,consola,60391,11474.29
1982,celular,109666,20836.54
1983,televisión,117689,22360.91
1984,consola,49673,9437.87
1985,altavoz,137566,26137.54
1986,audífonos,67966,12913.54
1987,bocinas,117436,22312.84
1988,reloj inteligente,52508,9976.52
1989,audífonos,106405,20216.95
1990,tableta,49650,9433.5
1991,reloj inteligente,106470,20229.3
1992,celular,125697,23882.43
1993,tableta,63959,12152.210000000001
1994,altavoz,105444,20034.36
1995,consola,106590,20252.1
1996,consola,146422,27820.18
1997,tableta,52892,10049.48
1998,tableta,128493,24413.670000000002
1999,consola,63799,12121.81
2000,computadora,74878,14226.82
2001,reloj inteligente,90012,17102.28
2002,consola,86653,16464.07
2003,laptop,85445,16234.550000000001
2004,altavoz,104940,19938.6
2005,reloj inteligente,115572,21958.68
2006,tableta,145943,27729.170000000002
2007,altavoz,117740,22370.6
2008,consola,113642,21591.98
2009,bocinas,100908,19172.52
2010,altavoz,65572,12458.68
2011,computadora,62982,11966.58
2012,bocinas,111390,21164.1
2013,altavoz,133992,25458.48
2014,laptop,149186,28345.34
2015,televisión,143348,27236.12
2016,reloj inteligente,113925,21645.75
2017,altavoz,130421,24779.99
2018,tableta,109634,20830.46
2019,celular,50652,9623.880000000001
2020,reloj inteligente,93384,17742.96
2021,laptop,111893,21259.670000000002
2022,reloj inteligente,103810,19723.9
2023,reloj inteligente,92524,17579.56
2024,reloj inteligente,49023,9314.37
2025,reloj inteligente,110564,21007.16
2026,televisión,46405,8816.95
2027,altavoz,78354,14887.26
2028,bocinas,110146,20927.74
2029,tableta,86969,16524.11
2030,consola,119294,22665.86
2031,computadora,91666,17416.54
2032,tableta,59674,11338.06
2033,bocinas,49128,9334.32
2034,televisión,136729,25978.510000000002
2035,celular,118946,22599.74
2036,computadora,124708,23694.52
2037,computadora,89624,17028.56
2038,laptop,86366,16409.54
2039,laptop,123719,23506.61
2040,altavoz,52890,10049.1
2041,laptop,54605,10374.95
2042,reloj inteligente,101125,19213.75
2043,computadora,79360,15078.4
2044,reloj inteligente,92568,17587.920000000002
2045,televisión,134670,25587.3
2046,computadora,113722,21607.18
2047,consola,87929,16706.51
2048,tableta,80216,15241.04
2049,laptop,107473,20419.87
2050,computadora,71046,13498.74
2051,bocinas,56530,10740.7
2052,consola,65009,12351.710000000001
2053,bocinas,45364,8619.16
2054,reloj inteligente,146935,27917.65
2055,tableta,122728,23318.32
2056,celular,115391,21924.29
2057,laptop,46386,8813.34
2058,consola,52151,9908.69
2059,audífonos,132700,25213.0
2060,laptop,54951,10440.69
2061,altavoz,92098,17498.62
2062,computadora,90778,17247.82
2063,reloj inteligente,63747,12111.93
2064,tableta,69663,13235.97
2065,audífonos,80795,15351.05
2066,altavoz,50712,9635.28
2067,televisión,78695,14952.05
2068,altavoz,50235,9544.65
2069,tableta,141400,26866.0
2070,celular,86653,16464.07
2071,consola,137741,26170.79
2072,celular,81519,15488.61
2073,laptop,98852,18781.88
2074,televisión,70658,13425.02
2075,audífonos,67836,12888.84
2076,consola,85971,16334.49
2077,bocinas,91481,17381.39
2078,altavoz,75134,14275.460000000001
2079,audífonos,112762,21424.78
2080,celular,92030,17485.7
2081,computadora,45309,8608.710000000001
2082,consola,101916,19364.04
2083,televisión,116914,22213.66
2084,audífonos,75272,14301.68
2085,bocinas,107453,20416.07
2086,bocinas,115090,21867.1
2087,celular,62413,11858.47
2088,audífonos,94071,17873.49
2089,laptop,120988,22987.72
2090,computadora,71006,13491.14
2091,consola,120063,22811.97
2092,bocinas,53279,10123.01
2093,bocinas,92053,17490.07
2094,bocinas,124317,23620.23
2095,computadora,60742,11540.98
2096,celular,71116,13512.04
2097,televisión,106511,20237.09
2098,celular,45074,8564.06
2099,altavoz,88300,16777.0
2100,tableta,52175,9913.25
2101,laptop,110740,21040.6
2102,celular,125332,23813.08
2103,audífonos,100113,19021.47
2104,consola,46607,8855.33
2105,celular,137767,26175.73
2106,tableta,146905,27911.95
2107,bocinas,136153,25869.07
2108,laptop,148730,28258.7
2109,computadora,138356,26287.64
2110,bocinas,131703,25023.57
2111,altavoz,81791,15540.29
2112,altavoz,108975,20705.25
2113,tableta,123652,23493.88
2114,televisión,86291,16395.29
2115,reloj inteligente,123905,23541.95
2116,audífonos,66500,12635.0
2117,audífonos,97789,18579.91
2118,laptop,66056,12550.64
2119,consola,81760,15534.4
2120,audífonos,53251,10117.69
2121,altavoz,67700,12863.0
2122,reloj inteligente,74034,14066.460000000001
2123,laptop,119885,22778.15
2124,celular,111875,21256.25
2125,celular,49063,9321.97
2126,televisión,72914,13853.66
2127,bocinas,60522,11499.18
2128,reloj inteligente,82608,15695.52
2129,altavoz,138614,26336.66
2130,computadora,65308,12408.52
2131,bocinas,122944,23359.36
2132,celular,96258,18289.02
2133,altavoz,133563,25376.97
2134,audífonos,135755,25793.45
2135,celular,72957,13861.83
2136,laptop,46754,8883.26
2137,celular,112757,21423.83
2138,laptop,119407,22687.33
2139,reloj inteligente,60208,11439.52
2140,reloj inteligente,51137,9716.03
2141,consola,94919,18034.61
2142,computadora,109267,20760.73
2143,televisión,116952,22220.88
2144,reloj inteligente,106383,20212.77
2145,laptop,115709,21984.71
2146,consola,135787,25799.53
2147,bocinas,117772,22376.68
2148,celular,100316,19060.04
2149,reloj inteligente,128874,24486.06
2150,computadora,53719,10206.61
2151,consola,99324,18871.56
2152,computadora,72926,13855.94
2153,tableta,147945,28109.55
2154,celular,134031,25465.89
2155,tableta,93454,17756.26
2156,audífonos,120760,22944.4
2157,computadora,50597,9613.43
2158,altavoz,130164,24731.16
2159,computadora,101086,19206.34
2160,televisión,54282,10313.58
2161,celular,57781,10978.39
2162,laptop,69293,13165.67
2163,celular,58339,11084.41
2164,audífonos,89059,16921.21
2165,audífonos,85809,16303.710000000001
2166,reloj inteligente,53943,10249.17
2167,tableta,124126,23583.94
2168,reloj inteligente,111357,21157.83
2169,laptop,104781,19908.39
2170,tableta,54747,10401.93
2171,celular,75663,14375.97
2172,bocinas,92427,17561.13
2173,computadora,103647,19692.93
2174,consola,82983,15766.77
2175,reloj inteligente,71184,13524.960000000001
2176,audífonos,95654,18174.26
2177,audífonos,79026,15014.94
2178,tableta,124017,23563.23
2179,televisión,132268,25130.920000000002
2180,laptop,90093,17117.670000000002
2181,laptop,77721,14766.99
2182,altavoz,73698,14002.62
2183,altavoz,122024,23184.56
2184,altavoz,125605,23864.95
2185,celular,82557,15685.83
2186,tableta,51491,9783.29
2187,altavoz,106116,20162.04
2188,altavoz,140732,26739.08
2189,tableta,71203,13528.57
2190,altavoz,116827,22197.13
2191,celular,71388,13563.72
2192,audífonos,144637,27481.03
2193,computadora,98096,18638.24
2194,computadora,126853,24102.07
2195,tableta,52534,9981.460000000001
2196,consola,132355,25147.45
2197,computadora,47795,9081.05
2198,laptop,139381,26482.39
2199,consola,120854,22962.260000000002
2200,altavoz,117596,22343.24
2201,tableta,116666,22166.54
2202,televisión,74471,14149.49
2203,audífonos,85541,16252.79
2204,bocinas,105901,20121.19
2205,celular,82673,15707.87
2206,altavoz,103288,19624.72
2207,televisión,71328,13552.32
2208,computadora,133213,25310.47
2209,consola,91161,17320.59
2210,celular,137436,26112.84
2211,reloj inteligente,47151,8958.69
2212,laptop,69595,13223.05
2213,televisión,90854,17262.26
2214,consola,130317,24760.23
2215,reloj inteligente,90878,17266.82
2216,celular,108108,20540.52
2217,tableta,64969,12344.11
2218,celular,64271,12211.49
2219,televisión,123664,23496.16
2220,consola,130051,24709.69
2221,computadora,115339,21914.41
2222,laptop,149722,28447.18
2223,laptop,53046,10078.74
2224,tableta,109511,20807.09
2225,reloj inteligente,121413,23068.47
2226,altavoz,76020,14443.8
2227,altavoz,53727,10208.130000000001
2228,celular,70598,13413.62
2229,audífonos,50202,9538.380000000001
2230,bocinas,92825,17636.75
2231,laptop,125051,23759.69
2232,laptop,101665,19316.35
2233,bocinas,116554,22145.260000000002
2234,televisión,149019,28313.61
2235,tableta,72167,13711.73
2236,altavoz,91770,17436.3
2237,tableta,114825,21816.75
2238,bocinas,121890,23159.1
2239,reloj inteligente,83509,15866.710000000001
2240,consola,66337,12604.03
2241,tableta,54949,10440.31
2242,laptop,68480,13011.2
2243,celular,68252,12967.880000000001
2244,audífonos,149914,28483.66
2245,televisión,131060,24901.4
2246,altavoz,58329,11082.51
2247,tableta,146244,27786.36
2248,bocinas,84531,16060.89
2249,altavoz,68528,13020.32
2250,laptop,105411,20028.09
2251,altavoz,69319,13170.61
2252,consola,136621,25957.99
2253,consola,54410,10337.9
2254,consola,85243,16196.17
2255,tableta,74567,14167.73
2256,computadora,73075,13884.25
2257,consola,86701,16473.19
2258,bocinas,59669,11337.11
2259,bocinas,130969,24884.11
2260,computadora,130570,24808.3
2261,reloj inteligente,133934,25447.46
2262,bocinas,107249,20377.31
2263,consola,67385,12803.15
2264,televisión,113133,21495.27
2265,televisión,130844,24860.36
2266,altavoz,134307,25518.33
2267,reloj inteligente,67665,12856.35
2268,computadora,49669,9437.11
2269,computadora,68518,13018.42
2270,altavoz,62879,11947.01
2271,reloj inteligente,137360,26098.4
2272,laptop,81519,15488.61
2273,audífonos,49578,9419.82
2274,reloj inteligente,100634,19120.46
2275,reloj inteligente,82304,15637.76
2276,celular,56354,10707.26
2277,celular,113563,21576.97
2278,televisión,116685,22170.15
2279,tableta,118692,22551.48
2280,reloj inteligente,102626,19498.94
2281,celular,76029,14445.51
2282,bocinas,86948,16520.12
2283,celular,71066,13502.54
2284,audífonos,88460,16807.4
2285,celular,101228,19233.32
2286,tableta,101648,19313.12
2287,computadora,106970,20324.3
2288,celular,48503,9215.57
2289,celular,147140,27956.6
2290,tableta,49461,9397.59
2291,consola,85154,16179.26
2292,computadora,136576,25949.44
2293,celular,63999,12159.81
2294,televisión,111843,21250.170000000002
2295,laptop,102504,19475.760000000002
2296,bocinas,125234,23794.46
2297,computadora,76333,14503.27
2298,consola,96596,18353.24
2299,televisión,53802,10222.380000000001
2300,bocinas,63728,12108.32
2301,altavoz,65243,12396.17
2302,computadora,143321,27230.99
2303,audífonos,60026,11404.94
2304,consola,118174,22453.06
2305,celular,91461,17377.59
2306,tableta,140766,26745.54
2307,altavoz,125093,23767.670000000002
2308,computadora,58659,11145.210000000001
2309,computadora,59351,11276.69
2310,bocinas,84286,16014.34
2311,tableta,101832,19348.08
2312,computadora,81126,15413.94
2313,televisión,104560,19866.4
2314,audífonos,145177,27583.63
2315,audífonos,111135,21115.65
2316,consola,57318,10890.42
2317,bocinas,94242,17905.98
2318,altavoz,46722,8877.18
2319,computadora,130522,24799.18
2320,laptop,96567,18347.73
2321,televisión,83541,15872.79
2322,celular,46722,8877.18
2323,altavoz,101418,19269.420000000002
2324,consola,134968,25643.920000000002
2325,altavoz,48026,9124.94
2326,tableta,80574,15309.06
2327,reloj inteligente,95250,18097.5
2328,celular,66435,12622.65
2329,consola,138775,26367.25
2330,televisión,76065,14452.35
2331,audífonos,78736,14959.84
2332,laptop,137785,26179.15
2333,bocinas,46138,8766.22
2334,computadora,101268,19240.920000000002
2335,altavoz,107654,20454.260000000002
2336,audífonos,88171,16752.49
2337,tableta,105544,20053.36
2338,televisión,122295,23236.05
2339,celular,94952,18040.88
2340,computadora,103235,19614.65
2341,audífonos,88794,16870.86
2342,altavoz,82987,15767.53
2343,celular,68357,12987.83
2344,laptop,90725,17237.75
2345,bocinas,61941,11768.79
2346,altavoz,86570,16448.3
2347,altavoz,81686,15520.34
2348,tableta,107603,20444.57
2349,altavoz,92310,17538.9
2350,reloj inteligente,67908,12902.52
2351,altavoz,46480,8831.2
2352,celular,92914,17653.66
2353,bocinas,114484,21751.96
2354,bocinas,106744,20281.36
2355,consola,126917,24114.23
2356,tableta,90810,17253.9
2357,computadora,147868,28094.920000000002
2358,televisión,64553,12265.07
2359,celular,124666,23686.54
2360,televisión,49663,9435.97
2361,celular,54245,10306.55
2362,celular,128296,24376.24
2363,computadora,49569,9418.11
2364,tableta,120478,22890.82
2365,bocinas,112804,21432.760000000002
2366,bocinas,73518,13968.42
2367,consola,110373,20970.87
2368,reloj inteligente,84909,16132.710000000001
2369,celular,105411,20028.09
2370,audífonos,149379,28382.010000000002
2371,tableta,121177,23023.63
2372,tableta,110901,21071.19
2373,laptop,52732,10019.08
2374,laptop,104642,19881.98
2375,computadora,137581,26140.39
2376,televisión,147533,28031.27
2377,audífonos,60487,11492.53
2378,consola,94529,17960.51
2379,consola,81646,15512.74
2380,bocinas,149953,28491.07
2381,consola,81325,15451.75
2382,televisión,88095,16738.05
2383,consola,56407,10717.33
2384,audífonos,132191,25116.29
2385,audífonos,84580,16070.2
2386,audífonos,48609,9235.710000000001
2387,altavoz,137911,26203.09
2388,computadora,146661,27865.59
2389,celular,142999,27169.81
2390,reloj inteligente,72731,13818.89
2391,computadora,148880,28287.2
2392,audífonos,47638,9051.22
2393,audífonos,98823,18776.37
2394,celular,115046,21858.74
2395,tableta,90487,17192.53
2396,reloj inteligente,79797,15161.43
2397,televisión,74673,14187.87
2398,consola,98255,18668.45
2399,laptop,85780,16298.2
2400,consola,111981,21276.39
2401,computadora,107549,20434.31
2402,audífonos,104068,19772.920000000002
2403,bocinas,46115,8761.85
2404,audífonos,62080,11795.2
2405,altavoz,135089,25666.91
2406,televisión,56408,10717.52
2407,computadora,48797,9271.43
2408,reloj inteligente,139173,26442.87
2409,laptop,81984,15576.960000000001
2410,celular,85659,16275.210000000001
2411,laptop,49925,9485.75
2412,bocinas,144872,27525.68
2413,audífonos,131225,24932.75
2414,audífonos,113983,21656.77
2415,reloj inteligente,65860,12513.4
2416,televisión,141525,26889.75
2417,tableta,58545,11123.55
2418,audífonos,98469,18709.11
2419,laptop,89670,17037.3
2420,celular,97258,18479.02
2421,laptop,99015,18812.85
2422,computadora,91029,17295.51
2423,audífonos,108877,20686.63
2424,tableta,137476,26120.44
2425,celular,146055,27750.45
2426,laptop,75899,14420.81
2427,consola,124977,23745.63
2428,celular,137177,26063.63
2429,celular,105458,20037.02
2430,consola,111587,21201.53
2431,laptop,123011,23372.09
2432,audífonos,108145,20547.55
2433,celular,111658,21215.02
2434,consola,73641,13991.79
2435,computadora,46188,8775.72
2436,altavoz,106946,20319.74
2437,consola,78043,14828.17
2438,reloj inteligente,132117,25102.23
2439,laptop,95993,18238.670000000002
2440,audífonos,142344,27045.36
2441,audífonos,125452,23835.88
2442,altavoz,125997,23939.43
2443,consola,63370,12040.3
2444,consola,116886,22208.34
2445,bocinas,77410,14707.9
2446,altavoz,142828,27137.32
2447,consola,66545,12643.55
2448,computadora,87603,16644.57
2449,laptop,144563,27466.97
2450,celular,121076,23004.44
2451,televisión,56795,10791.05
2452,computadora,63738,12110.22
2453,laptop,142398,27055.62
2454,altavoz,141928,26966.32
2455,televisión,116015,22042.85
2456,altavoz,139423,26490.37
2457,computadora,111170,21122.3
2458,celular,129414,24588.66
2459,consola,103666,19696.54
2460,reloj inteligente,78182,14854.58
2461,bocinas,129262,24559.78
2462,bocinas,96376,18311.44
2463,computadora,92633,17600.27
2464,computadora,145989,27737.91
2465,bocinas,78443,14904.17
2466,altavoz,80833,15358.27
2467,consola,63166,12001.54
2468,televisión,121368,23059.920000000002
2469,televisión,78622,14938.18
2470,bocinas,144208,27399.52
2471,televisión,108907,20692.33
2472,computadora,113485,21562.15
2473,altavoz,104747,19901.93
2474,celular,58571,11128.49
2475,televisión,76497,14534.43
2476,bocinas,50628,9619.32
2477,televisión,78258,14869.02
2478,altavoz,88830,16877.7
2479,altavoz,77011,14632.09
2480,consola,132098,25098.62
2481,altavoz,46459,8827.210000000001
2482,audífonos,107252,20377.88
2483,computadora,84481,16051.39
2484,televisión,139417,26489.23
2485,celular,52957,10061.83
2486,bocinas,112266,21330.54
2487,tableta,141664,26916.16
2488,computadora,124710,23694.9
2489,consola,50985,9687.15
2490,televisión,53179,10104.01
2491,televisión,141713,26925.47
2492,audífonos,149791,28460.29
2493,televisión,108847,20680.93
2494,televisión,45096,8568.24
2495,celular,92159,17510.21
2496,audífonos,137308,26088.52
2497,reloj inteligente,110444,20984.36
2498,bocinas,63440,12053.6
2499,consola,118692,22551.48
2500,reloj inteligente,106100,20159.0
2501,altavoz,49597,9423.43
2502,computadora,127344,24195.36
2503,audífonos,86022,16344.18
2504,bocinas,73637,13991.03
2505,tableta,71823,13646.37
2506,computadora,69567,13217.73
2507,altavoz,95429,18131.51
2508,celular,62522,11879.18
2509,bocinas,142192,27016.48
2510,tableta,54123,10283.37
2511,laptop,73184,13904.960000000001
2512,tableta,58927,11196.130000000001
2513,televisión,116104,22059.760000000002
2514,consola,83521,15868.99
2515,reloj inteligente,83830,15927.7
2516,bocinas,54352,10326.880000000001
2517,computadora,130221,24741.99
2518,laptop,76543,14543.17
2519,celular,107437,20413.03
2520,laptop,45352,8616.88
2521,laptop,60052,11409.880000000001
2522,altavoz,143175,27203.25
2523,bocinas,61141,11616.79
2524,tableta,71284,13543.960000000001
2525,reloj inteligente,140982,26786.58
2526,consola,59351,11276.69
2527,reloj inteligente,82437,15663.03
2528,celular,91319,17350.61
2529,computadora,146089,27756.91
2530,laptop,52000,9880.0
2531,altavoz,84551,16064.69
2532,celular,108829,20677.510000000002
2533,computadora,73667,13996.73
2534,computadora,124477,23650.63
2535,televisión,61449,11675.31
2536,televisión,68154,12949.26
2537,televisión,60235,11444.65
2538,bocinas,122898,23350.62
2539,laptop,94330,17922.7
2540,celular,117747,22371.93
2541,laptop,47122,8953.18
2542,laptop,96246,18286.74
2543,audífonos,90209,17139.71
2544,celular,100634,19120.46
2545,consola,93991,17858.29
2546,laptop,102840,19539.6
2547,computadora,88498,16814.62
2548,computadora,77723,14767.37
2549,consola,117965,22413.35
2550,laptop,100497,19094.43
2551,computadora,76637,14561.03
2552,televisión,90460,17187.4
2553,reloj inteligente,87496,16624.24
2554,reloj inteligente,86063,16351.97
2555,audífonos,137608,26145.52
2556,laptop,113693,21601.670000000002
2557,altavoz,120833,22958.27
2558,tableta,116061,22051.59
2559,audífonos,105009,19951.71
2560,audífonos,87977,16715.63
2561,laptop,115013,21852.47
2562,reloj inteligente,125724,23887.56
2563,consola,108054,20530.260000000002
2564,consola,60638,11521.22
2565,computadora,138570,26328.3
2566,tableta,138559,26326.21
2567,tableta,108714,20655.66
2568,consola,92461,17567.59
2569,audífonos,73336,13933.84
2570,reloj inteligente,45653,8674.07
2571,altavoz,87146,16557.74
2572,laptop,80763,15344.97
2573,televisión,134889,25628.91
2574,televisión,143333,27233.27
2575,laptop,85000,16150.0
2576,consola,109561,20816.59
2577,bocinas,65069,12363.11
2578,televisión,85642,16271.98
2579,audífonos,89561,17016.59
2580,tableta,87399,16605.81
2581,consola,145934,27727.46
2582,altavoz,64763,12304.97
2583,laptop,107606,20445.14
2584,tableta,110404,20976.760000000002
2585,bocinas,122631,23299.89
2586,bocinas,84451,16045.69
2587,celular,127290,24185.1
2588,computadora,63338,12034.22
2589,computadora,116275,22092.25
2590,audífonos,79818,15165.42
2591,consola,137874,26196.06
2592,televisión,86294,16395.86
2593,audífonos,75526,14349.94
2594,televisión,122009,23181.71
2595,reloj inteligente,140150,26628.5
2596,computadora,54202,10298.380000000001
2597,audífonos,85805,16302.95
2598,altavoz,100455,19086.45
2599,reloj inteligente,86148,16368.12
2600,celular,106992,20328.48
2601,televisión,127024,24134.56
2602,televisión,141327,26852.13
2603,consola,134778,25607.82
2604,audífonos,57106,10850.14
2605,altavoz,113744,21611.36
2606,bocinas,91239,17335.41
2607,computadora,130482,24791.58
2608,audífonos,48346,9185.74
2609,celular,132499,25174.81
2610,bocinas,99944,18989.36
2611,altavoz,140065,26612.35
2612,bocinas,45177,8583.63
2613,laptop,106776,20287.44
2614,consola,77608,14745.52
2615,altavoz,86589,16451.91
2616,bocinas,51641,9811.79
2617,altavoz,101592,19302.48
2618,bocinas,114961,21842.59
2619,bocinas,112432,21362.08
2620,laptop,105203,19988.57
2621,televisión,82314,15639.66
2622,reloj inteligente,68105,12939.95
2623,televisión,142828,27137.32
2624,bocinas,122687,23310.53
2625,audífonos,46731,8878.89
2626,celular,143850,27331.5
2627,tableta,146748,27882.12
2628,computadora,54930,10436.7
2629,laptop,74825,14216.75
2630,celular,88697,16852.43
2631,altavoz,75359,14318.210000000001
2632,laptop,61374,11661.06
2633,audífonos,79011,15012.09
2634,consola,49316,9370.04
2635,bocinas,89668,17036.920000000002
2636,tableta,73074,13884.06
2637,consola,92705,17613.95
2638,bocinas,70741,13440.79
2639,celular,149024,28314.56
2640,computadora,92649,17603.31
2641,laptop,149950,28490.5
2642,consola,119028,22615.32
2643,computadora,108958,20702.02
2644,consola,53790,10220.1
2645,consola,46506,8836.14
2646,reloj inteligente,115191,21886.29
2647,reloj inteligente,147994,28118.86
2648,celular,121610,23105.9
2649,reloj inteligente,62858,11943.02
2650,televisión,146575,27849.25
2651,audífonos,89160,16940.4
2652,altavoz,131760,25034.4
2653,altavoz,141964,26973.16
2654,reloj inteligente,60806,11553.14
2655,televisión,106221,20181.99
2656,consola,72385,13753.15
2657,tableta,102809,19533.71
2658,computadora,146429,27821.510000000002
2659,audífonos,115061,21861.59
2660,laptop,149239,28355.41
2661,laptop,103723,19707.37
2662,laptop,115069,21863.11
2663,altavoz,76211,14480.09
2664,televisión,140426,26680.94
2665,audífonos,97726,18567.94
2666,tableta,134160,25490.4
2667,celular,114357,21727.83
2668,computadora,117615,22346.85
2669,laptop,63846,12130.74
2670,computadora,96387,18313.53
2671,computadora,96144,18267.36
2672,consola,54594,10372.86
2673,bocinas,105999,20139.81
2674,celular,91792,17440.48
2675,consola,137010,26031.9
2676,tableta,72524,13779.56
2677,tableta,112809,21433.71
2678,celular,99414,18888.66
2679,celular,120397,22875.43
2680,laptop,95675,18178.25
2681,celular,122512,23277.28
2682,reloj inteligente,62098,11798.62
2683,laptop,94513,17957.47
2684,celular,94976,18045.44
2685,computadora,96301,18297.19
2686,tableta,58768,11165.92
2687,consola,90131,17124.89
2688,bocinas,96156,18269.64
2689,laptop,139262,26459.78
2690,televisión,100318,19060.420000000002
2691,reloj inteligente,99201,18848.19
2692,celular,75002,14250.380000000001
2693,laptop,118373,22490.87
2694,televisión,111540,21192.6
2695,consola,61031,11595.89
2696,bocinas,148245,28166.55
2697,tableta,132618,25197.420000000002
2698,computadora,123095,23388.05
2699,celular,71107,13510.33
2700,computadora,120807,22953.33
2701,altavoz,77948,14810.12
2702,audífonos,75892,14419.48
2703,reloj inteligente,46177,8773.63
2704,celular,106891,20309.29
2705,reloj inteligente,84786,16109.34
2706,audífonos,79301,15067.19
2707,celular,53423,10150.37
2708,computadora,45303,8607.57
2709,consola,57584,10940.960000000001
2710,computadora,84638,16081.22
2711,consola,143491,27263.29
2712,reloj inteligente,62977,11965.630000000001
2713,altavoz,147550,28034.5
2714,televisión,83144,15797.36
2715,altavoz,88327,16782.13
2716,audífonos,46223,8782.37
2717,bocinas,114185,21695.15
2718,tableta,67285,12784.15
2719,laptop,62999,11969.81
2720,tableta,104595,19873.05
2721,audífonos,62168,11811.92
2722,computadora,94364,17929.16
2723,laptop,127284,24183.96
2724,bocinas,144661,27485.59
2725,altavoz,57505,10925.95
2726,computadora,61550,11694.5
2727,laptop,139414,26488.66
2728,computadora,129533,24611.27
2729,bocinas,75717,14386.23
2730,audífonos,50133,9525.27
2731,celular,49892,9479.48
2732,reloj inteligente,122386,23253.34
2733,audífonos,68818,13075.42
2734,altavoz,125904,23921.760000000002
2735,audífonos,147721,28066.99
2736,laptop,53028,10075.32
2737,televisión,144665,27486.35
2738,bocinas,134319,25520.61
2739,computadora,58736,11159.84
2740,bocinas,144159,27390.21
2741,laptop,135102,25669.38
2742,bocinas,144870,27525.3
2743,laptop,145800,27702.0
2744,audífonos,52456,9966.64
2745,tableta,66544,12643.36
2746,reloj inteligente,88198,16757.62
2747,laptop,135145,25677.55
2748,altavoz,131976,25075.44
2749,laptop,115099,21868.81
2750,celular,139414,26488.66
2751,computadora,120011,22802.09
2752,reloj inteligente,135617,25767.23
2753,laptop,88564,16827.16
2754,computadora,52266,9930.54
2755,televisión,92578,17589.82
2756,celular,141053,26800.07
2757,televisión,141370,26860.3
2758,televisión,70208,13339.52
2759,televisión,61382,11662.58
2760,celular,100977,19185.63
2761,audífonos,99942,18988.98
2762,altavoz,80677,15328.630000000001
2763,tableta,69736,13249.84
2764,computadora,71859,13653.210000000001
2765,laptop,107272,20381.68
2766,audífonos,93655,17794.45
2767,consola,128870,24485.3
2768,bocinas,81918,15564.42
2769,altavoz,124220,23601.8
2770,celular,129583,24620.77
2771,tableta,125190,23786.1
2772,tableta,132243,25126.170000000002
2773,reloj inteligente,81228,15433.32
2774,tableta,121143,23017.170000000002
2775,laptop,125086,23766.34
2776,consola,121235,23034.65
2777,tableta,137189,26065.91
2778,computadora,88724,16857.56
2779,computadora,72227,13723.130000000001
2780,tableta,140513,26697.47
2781,computadora,58416,11099.04
2782,altavoz,92361,17548.59
2783,laptop,119821,22765.99
2784,televisión,108109,20540.71
2785,audífonos,63115,11991.85
2786,consola,88358,16788.02
2787,audífonos,83032,15776.08
2788,laptop,134970,25644.3
2789,televisión,128770,24466.3
2790,consola,61726,11727.94
2791,altavoz,96286,18294.34
2792,audífonos,99002,18810.38
2793,audífonos,48921,9294.99
2794,tableta,56256,10688.64
2795,laptop,84824,16116.56
2796,bocinas,141848,26951.12
2797,consola,83669,15897.11
2798,audífonos,63849,12131.31
2799,celular,141888,26958.72
2800,audífonos,89226,16952.94
2801,celular,99175,18843.25
2802,audífonos,113780,21618.2
2803,audífonos,110978,21085.82
2804,consola,115083,21865.77
2805,tableta,74632,14180.08
2806,televisión,72176,13713.44
2807,tableta,89769,17056.11
2808,altavoz,79793,15160.67
2809,reloj inteligente,121388,23063.72
2810,laptop,54123,10283.37
2811,computadora,67732,12869.08
2812,audífonos,96905,18411.95
2813,laptop,102027,19385.13
2814,celular,118381,22492.39
2815,computadora,144485,27452.15
2816,consola,125565,23857.35
2817,audífonos,114219,21701.61
2818,bocinas,70107,13320.33
2819,audífonos,70304,13357.76
2820,audífonos,113706,21604.14
2821,computadora,61018,11593.42
2822,tableta,96027,18245.13
2823,tableta,85883,16317.77
2824,consola,56001,10640.19
2825,celular,91870,17455.3
2826,altavoz,93441,17753.79
2827,audífonos,106279,20193.010000000002
2828,celular,126290,23995.1
2829,celular,89992,17098.48
2830,altavoz,146713,27875.47
2831,consola,115752,21992.88
2832,celular,96882,18407.58
2833,bocinas,149707,28444.33
2834,bocinas,56885,10808.15
2835,televisión,49213,9350.47
2836,celular,51309,9748.710000000001
2837,audífonos,89895,17080.05
2838,televisión,136180,25874.2
2839,celular,116661,22165.59
2840,tableta,98185,18655.15
2841,altavoz,90373,17170.87
2842,reloj inteligente,71358,13558.02
2843,audífonos,142120,27002.8
2844,tableta,135298,25706.62
2845,reloj inteligente,50560,9606.4
2846,tableta,60039,11407.41
2847,laptop,104894,19929.86
2848,celular,148702,28253.38
2849,bocinas,142437,27063.03
2850,tableta,129487,24602.53
2851,consola,97590,18542.1
2852,altavoz,104145,19787.55
2853,reloj inteligente,143817,27325.23
2854,audífonos,78738,14960.22
2855,televisión,116860,22203.4
2856,audífonos,119901,22781.19
2857,celular,53037,10077.03
2858,laptop,141906,26962.14
2859,audífonos,114053,21670.07
2860,celular,81451,15475.69
2861,tableta,125991,23938.29
2862,altavoz,58333,11083.27
2863,televisión,124868,23724.920000000002
2864,televisión,139093,26427.670000000002
2865,laptop,142204,27018.760000000002
2866,audífonos,140804,26752.760000000002
2867,altavoz,113171,21502.49
2868,audífonos,97671,18557.49
2869,laptop,60223,11442.37
2870,tableta,53031,10075.89
2871,televisión,53137,10096.03
2872,televisión,93797,17821.43
2873,consola,57224,10872.56
2874,televisión,104245,19806.55
2875,audífonos,63841,12129.79
2876,laptop,56560,10746.4
2877,bocinas,87121,16552.99
2878,televisión,52874,10046.06
2879,celular,136579,25950.010000000002
2880,bocinas,103639,19691.41
2881,altavoz,63039,11977.41
2882,celular,104436,19842.84
2883,tableta,114777,21807.63
2884,laptop,95777,18197.63
2885,reloj inteligente,55601,10564.19
2886,consola,50557,9605.83
2887,reloj inteligente,111600,21204.0
2888,televisión,96382,18312.58
2889,computadora,149900,28481.0
2890,computadora,73405,13946.95
2891,celular,105901,20121.19
2892,laptop,141431,26871.89
2893,tableta,70764,13445.16
2894,bocinas,77910,14802.9
2895,bocinas,87868,16694.920000000002
2896,altavoz,85125,16173.75
2897,televisión,117361,22298.59
2898,tableta,60333,11463.27
2899,computadora,80675,15328.25
2900,audífonos,95713,18185.47
2901,altavoz,85301,16207.19
2902,tableta,74981,14246.39
2903,celular,85498,16244.62
2904,bocinas,103990,19758.1
2905,laptop,50882,9667.58
2906,consola,73711,14005.09
2907,bocinas,74171,14092.49
2908,tableta,138304,26277.760000000002
2909,consola,114735,21799.65
2910,bocinas,73330,13932.7
2911,bocinas,121856,23152.64
2912,tableta,117020,22233.8
2913,televisión,74357,14127.83
2914,celular,140968,26783.920000000002
2915,laptop,117704,22363.760000000002
2916,tableta,48173,9152.87
2917,altavoz,121915,23163.85
2918,televisión,102613,19496.47
2919,altavoz,95125,18073.75
2920,bocinas,56047,10648.93
2921,celular,105925,20125.75
2922,altavoz,121697,23122.43
2923,consola,141776,26937.44
2924,bocinas,74521,14158.99
2925,celular,110713,21035.47
2926,reloj inteligente,96701,18373.19
2927,consola,141107,26810.33
2928,laptop,96434,18322.46
2929,altavoz,122184,23214.96
2930,tableta,73781,14018.39
2931,audífonos,46472,8829.68
2932,televisión,130343,24765.170000000002
2933,celular,129181,24544.39
2934,tableta,62265,11830.35
2935,tableta,46198,8777.62
2936,laptop,51063,9701.97
2937,altavoz,84844,16120.36
2938,bocinas,112975,21465.25
2939,altavoz,148270,28171.3
2940,altavoz,45428,8631.32
2941,bocinas,133969,25454.11
2942,computadora,130689,24830.91
2943,tableta,82562,15686.78
2944,laptop,142490,27073.1
2945,bocinas,90153,17129.07
2946,tableta,55772,10596.68
2947,reloj inteligente,52289,9934.91
2948,celular,68945,13099.55
2949,tableta,58879,11187.01
2950,televisión,71174,13523.06
2951,televisión,133457,25356.83
2952,televisión,49023,9314.37
2953,audífonos,95157,18079.83
2954,consola,97052,18439.88
2955,bocinas,70400,13376.0
2956,audífonos,118299,22476.81
2957,celular,98819,18775.61
2958,tableta,147799,28081.81
2959,reloj inteligente,63604,12084.76
2960,laptop,85323,16211.37
2961,laptop,129866,24674.54
2962,computadora,57268,10880.92
2963,televisión,118323,22481.37
2964,altavoz,65428,12431.32
2965,audífonos,62675,11908.25
2966,tableta,83828,15927.32
2967,consola,84226,16002.94
2968,laptop,46737,8880.03
2969,televisión,131349,24956.31
2970,reloj inteligente,120198,22837.62
2971,reloj inteligente,108497,20614.43
2972,altavoz,75162,14280.78
2973,consola,87208,16569.52
2974,televisión,86109,16360.710000000001
2975,reloj inteligente,61091,11607.29
2976,bocinas,107625,20448.75
2977,laptop,89225,16952.75
2978,computadora,102859,19543.21
2979,reloj inteligente,132729,25218.510000000002
2980,bocinas,72978,13865.82
2981,computadora,149882,28477.58
2982,reloj inteligente,81691,15521.29
2983,laptop,127403,24206.57
2984,laptop,71456,13576.64
2985,laptop,87281,16583.39
2986,televisión,58197,11057.43
2987,celular,137391,26104.29
2988,altavoz,91999,17479.81
2989,reloj inteligente,123316,23430.04
2990,computadora,139285,26464.15
2991,celular,53302,10127.380000000001
2992,tableta,56561,10746.59
2993,tableta,139244,26456.36
2994,televisión,122625,23298.75
2995,computadora,48737,9260.03
2996,televisión,139599,26523.81
2997,altavoz,84366,16029.54
2998,bocinas,145802,27702.38
2999,laptop,81390,15464.1
